,Datetime,H4_high,H4_low,Last_Fractal_High,Last_Fractal_Low,Directional_bias,result
0,2022-09-15 22:00:00,1.14799,1.14513,0,0,0,-1
1,2022-09-16 02:00:00,1.14799,1.14486,1.14799,1.14513,0,-1
2,2022-09-16 06:00:00,1.14799,1.135,1.14799,1.14513,0,-1
3,2022-09-19 10:00:00,1.14799,1.135,1.14799,1.13549,0,-1
4,2022-09-19 22:00:00,1.14799,1.135,1.14605,1.13549,0,-1
5,2022-09-20 14:00:00,1.14799,1.135,1.14605,1.1357,0,-1
6,2022-09-21 06:00:00,1.14605,1.1304,1.14605,1.1357,-1,-1
7,2022-09-21 06:00:00,1.14605,1.1304,1.14605,1.1304,-1,-1
8,2022-09-21 18:00:00,1.13572,1.1235,1.14605,1.1304,-1,-1
9,2022-09-21 18:00:00,1.13572,1.1235,1.13572,1.1304,-1,-1
10,2022-09-21 22:00:00,1.13572,1.12196,1.13572,1.1304,-1,-1
11,2022-09-21 22:00:00,1.13572,1.12196,1.13572,1.12196,-1,-1
12,2022-09-22 06:00:00,1.13572,1.12113,1.13572,1.12196,1,1
13,2022-09-22 06:00:00,1.13572,1.12113,1.13572,1.12113,1,1
14,2022-09-22 10:00:00,1.13638,1.12113,1.13572,1.12113,-1,-1
15,2022-09-22 10:00:00,1.13638,1.12113,1.13638,1.12113,-1,-1
16,2022-09-23 06:00:00,1.13638,1.10752,1.13638,1.12113,-2,-1
17,2022-09-23 10:00:00,1.13638,1.101,1.13638,1.12113,-2,-1
18,2022-09-23 14:00:00,1.13638,1.08619,1.13638,1.12113,-2,-1
19,2022-09-23 18:00:00,1.13638,1.08387,1.13638,1.12113,-2,-1
20,2022-09-23 18:00:00,1.13638,1.08387,1.13638,1.08387,-2,-1
21,2022-09-25 18:00:00,1.13638,1.07934,1.13638,1.08387,-2,-1
22,2022-09-25 22:00:00,1.13638,1.03261,1.13638,1.08387,-2,1
23,2022-09-26 10:00:00,1.13638,1.03261,1.09298,1.08387,-2,1
24,2022-09-27 06:00:00,1.13638,1.03261,1.08374,1.08387,-2,1
25,2022-09-27 14:00:00,1.13638,1.03261,1.08374,1.06583,-2,1
26,2022-09-28 02:00:00,1.13638,1.03261,1.08374,1.06307,-2,1
27,2022-09-28 10:00:00,1.13638,1.03261,1.08374,1.05389,-2,1
28,2022-09-28 14:00:00,1.13638,1.03261,1.09156,1.05389,-2,1
29,2022-09-29 02:00:00,1.13638,1.03261,1.09156,1.07615,-2,1
30,2022-09-29 22:00:00,1.13638,1.03261,1.12038,1.07615,-2,1
31,2022-09-30 06:00:00,1.13638,1.03261,1.12335,1.07615,-2,1
32,2022-09-30 10:00:00,1.13638,1.03261,1.12335,1.10246,-2,1
33,2022-09-30 18:00:00,1.13638,1.03261,1.11799,1.10246,-2,1
34,2022-10-03 02:00:00,1.13638,1.03261,1.12808,1.10246,-2,1
35,2022-10-03 14:00:00,1.13638,1.03261,1.13337,1.10246,-2,1
36,2022-10-04 02:00:00,1.13658,1.10246,1.13337,1.10246,1,1
37,2022-10-04 06:00:00,1.14286,1.10246,1.13337,1.10246,1,1
38,2022-10-04 06:00:00,1.14286,1.10246,1.14286,1.10246,1,1
39,2022-10-04 14:00:00,1.14894,1.10246,1.14286,1.10246,1,1
40,2022-10-04 14:00:00,1.14894,1.10246,1.14894,1.10246,1,1
41,2022-10-05 06:00:00,1.14951,1.10246,1.14894,1.10246,-1,-1
42,2022-10-05 06:00:00,1.14951,1.10246,1.14951,1.10246,-1,-1
43,2022-10-05 14:00:00,1.14951,1.10246,1.14951,1.12264,-1,-1
44,2022-10-05 22:00:00,1.14951,1.10246,1.13833,1.12264,-1,-1
45,2022-10-06 14:00:00,1.14951,1.10246,1.13833,1.11124,-1,-1
46,2022-10-07 10:00:00,1.14951,1.10246,1.12249,1.11124,-1,-1
47,2022-10-07 18:00:00,1.14951,1.10246,1.12249,1.1055,-1,-1
48,2022-10-10 06:00:00,1.14951,1.10246,1.12249,1.10265,-1,-1
49,2022-10-10 14:00:00,1.12249,1.10191,1.12249,1.10265,1,-1
50,2022-10-10 14:00:00,1.12249,1.10191,1.12249,1.10191,1,-1
51,2022-10-10 22:00:00,1.12249,1.10191,1.10947,1.10191,1,-1
52,2022-10-11 02:00:00,1.10947,1.10175,1.10947,1.10191,1,-1
53,2022-10-11 06:00:00,1.10947,1.09972,1.10947,1.10191,1,1
54,2022-10-11 06:00:00,1.10947,1.09972,1.10947,1.09972,1,1
55,2022-10-11 10:00:00,1.11135,1.09972,1.10947,1.09972,1,1
56,2022-10-11 14:00:00,1.11794,1.09972,1.10947,1.09972,1,-1
57,2022-10-11 14:00:00,1.11794,1.09972,1.11794,1.09972,1,-1
58,2022-10-11 18:00:00,1.11794,1.0952,1.11794,1.09972,-2,-1
59,2022-10-11 22:00:00,1.11794,1.09372,1.11794,1.09972,-2,-1
60,2022-10-12 02:00:00,1.11794,1.09227,1.11794,1.09972,-2,1
61,2022-10-12 02:00:00,1.11794,1.09227,1.11794,1.09227,-2,1
62,2022-10-12 18:00:00,1.11794,1.09227,1.11336,1.09227,-2,1
63,2022-10-13 06:00:00,1.11794,1.09227,1.11336,1.10565,-2,1
64,2022-10-13 10:00:00,1.12971,1.10565,1.11336,1.10565,2,1
65,2022-10-13 14:00:00,1.138,1.10565,1.11336,1.10565,2,1
66,2022-10-13 14:00:00,1.138,1.10565,1.138,1.10565,2,1
67,2022-10-14 14:00:00,1.138,1.10565,1.138,1.11511,2,1
68,2022-10-17 14:00:00,1.14392,1.11511,1.138,1.11511,-1,-1
69,2022-10-17 14:00:00,1.14392,1.11511,1.14392,1.11511,-1,-1
70,2022-10-18 02:00:00,1.14392,1.11511,1.14106,1.11511,-1,-1
71,2022-10-18 10:00:00,1.14392,1.11511,1.14106,1.12551,-1,-1
72,2022-10-18 22:00:00,1.14392,1.11511,1.13573,1.12551,-1,-1
73,2022-10-19 14:00:00,1.14392,1.11511,1.13573,1.11846,-1,-1
74,2022-10-20 02:00:00,1.14392,1.11511,1.12409,1.11846,-1,-1
75,2022-10-20 06:00:00,1.14392,1.11511,1.12409,1.11709,-1,-1
76,2022-10-20 14:00:00,1.14392,1.11511,1.1336,1.11709,-1,-1
77,2022-10-21 06:00:00,1.1336,1.11106,1.1336,1.11709,1,-1
78,2022-10-21 10:00:00,1.1336,1.10601,1.1336,1.11709,1,1
79,2022-10-21 10:00:00,1.1336,1.10601,1.1336,1.10601,1,1
80,2022-10-21 18:00:00,1.1336,1.10601,1.13144,1.10601,1,1
81,2022-10-23 18:00:00,1.13941,1.10601,1.13144,1.10601,1,1
82,2022-10-23 22:00:00,1.14081,1.10601,1.13144,1.10601,1,1
83,2022-10-24 14:00:00,1.14081,1.10601,1.13144,1.12574,1,1
84,2022-10-25 02:00:00,1.14081,1.10601,1.13144,1.12704,1,1
85,2022-10-25 10:00:00,1.14891,1.12704,1.13144,1.12704,1,1
86,2022-10-25 14:00:00,1.14988,1.12704,1.13144,1.12704,1,1
87,2022-10-25 14:00:00,1.14988,1.12704,1.14988,1.12704,1,1
88,2022-10-25 22:00:00,1.14988,1.12704,1.14988,1.14299,1,1
89,2022-10-26 06:00:00,1.16195,1.14299,1.14988,1.14299,1,1
90,2022-10-26 06:00:00,1.16195,1.14299,1.16195,1.14299,1,1
91,2022-10-26 14:00:00,1.16384,1.14299,1.16195,1.14299,1,1
92,2022-10-26 14:00:00,1.16384,1.14299,1.16384,1.14299,1,1
93,2022-10-26 22:00:00,1.16449,1.14299,1.16384,1.14299,-1,-1
94,2022-10-26 22:00:00,1.16449,1.14299,1.16449,1.14299,-1,-1
95,2022-10-27 10:00:00,1.16449,1.14299,1.16449,1.15483,-1,-1
96,2022-10-27 14:00:00,1.16449,1.14299,1.16339,1.15483,-1,-1
97,2022-10-27 22:00:00,1.16449,1.14299,1.16339,1.15441,-1,-1
98,2022-10-28 06:00:00,1.16449,1.14299,1.16339,1.15035,-1,-1
99,2022-10-28 18:00:00,1.16449,1.14299,1.16235,1.15035,-1,-1
100,2022-10-31 18:00:00,1.16449,1.14299,1.16235,1.14578,-1,-1
101,2022-11-01 10:00:00,1.16449,1.14299,1.15659,1.14578,-1,-1
102,2022-11-01 14:00:00,1.16449,1.14299,1.15659,1.14365,-1,-1
103,2022-11-02 02:00:00,1.16449,1.14299,1.15264,1.14365,-1,-1
104,2022-11-02 18:00:00,1.15644,1.13845,1.15264,1.14365,-1,-1
105,2022-11-02 18:00:00,1.15644,1.13845,1.15644,1.14365,-1,-1
106,2022-11-02 22:00:00,1.15644,1.13744,1.15644,1.14365,-1,-1
107,2022-11-02 22:00:00,1.15644,1.13744,1.15644,1.13744,-1,-1
108,2022-11-03 06:00:00,1.15644,1.12438,1.15644,1.13744,-2,-1
109,2022-11-03 10:00:00,1.15644,1.11564,1.15644,1.13744,-2,-1
110,2022-11-03 10:00:00,1.15644,1.11564,1.15644,1.11564,-2,-1
111,2022-11-03 18:00:00,1.15644,1.11511,1.15644,1.11564,1,-1
112,2022-11-03 22:00:00,1.15644,1.11487,1.15644,1.11564,1,-1
113,2022-11-03 22:00:00,1.15644,1.11487,1.15644,1.11487,1,-1
114,2022-11-04 10:00:00,1.15644,1.1145,1.15644,1.11487,1,1
115,2022-11-04 10:00:00,1.15644,1.1145,1.15644,1.1145,1,1
116,2022-11-04 18:00:00,1.15644,1.1145,1.13818,1.1145,1,1
117,2022-11-07 06:00:00,1.15644,1.1145,1.13818,1.12899,1,1
118,2022-11-07 18:00:00,1.15644,1.1145,1.15413,1.12899,1,1
119,2022-11-08 10:00:00,1.15644,1.1145,1.15413,1.14297,1,1
120,2022-11-08 14:00:00,1.15988,1.14297,1.15413,1.14297,-1,-1
121,2022-11-08 14:00:00,1.15988,1.14297,1.15988,1.14297,-1,-1
122,2022-11-09 06:00:00,1.15988,1.14297,1.15664,1.14297,-1,-1
123,2022-11-09 10:00:00,1.15664,1.14044,1.15664,1.14297,-2,-1
124,2022-11-09 14:00:00,1.15664,1.13555,1.15664,1.14297,-2,-1
125,2022-11-09 18:00:00,1.15664,1.13334,1.15664,1.14297,-2,1
126,2022-11-09 18:00:00,1.15664,1.13334,1.15664,1.13334,-2,1
127,2022-11-10 10:00:00,1.16536,1.13334,1.15664,1.13334,1,1
128,2022-11-10 14:00:00,1.16863,1.13334,1.15664,1.13334,1,1
129,2022-11-10 18:00:00,1.17311,1.13334,1.15664,1.13334,1,1
130,2022-11-10 18:00:00,1.17311,1.13334,1.17311,1.13334,1,1
131,2022-11-11 06:00:00,1.17706,1.13334,1.17311,1.13334,2,1
132,2022-11-11 10:00:00,1.1796,1.13334,1.17311,1.13334,2,1
133,2022-11-11 14:00:00,1.18042,1.13334,1.17311,1.13334,2,1
134,2022-11-11 18:00:00,1.18543,1.13334,1.17311,1.13334,2,1
135,2022-11-11 18:00:00,1.18543,1.13334,1.18543,1.13334,2,1
136,2022-11-14 06:00:00,1.18543,1.13334,1.18283,1.13334,2,1
137,2022-11-14 14:00:00,1.18543,1.13334,1.18283,1.17098,2,1
138,2022-11-15 10:00:00,1.20285,1.17098,1.18283,1.17098,1,1
139,2022-11-15 10:00:00,1.20285,1.17098,1.20285,1.17098,1,1
140,2022-11-15 18:00:00,1.20285,1.17098,1.20285,1.17901,1,1
141,2022-11-16 10:00:00,1.20285,1.17098,1.19417,1.17901,1,1
142,2022-11-16 14:00:00,1.20285,1.17098,1.19417,1.18316,1,1
143,2022-11-17 02:00:00,1.20285,1.17098,1.19417,1.18659,1,1
144,2022-11-17 06:00:00,1.20285,1.17098,1.19576,1.18659,1,1
145,2022-11-17 10:00:00,1.20285,1.17098,1.19576,1.17622,1,1
146,2022-11-18 06:00:00,1.20285,1.17098,1.19503,1.17622,1,1
147,2022-11-18 14:00:00,1.20285,1.17098,1.19503,1.18724,1,1
148,2022-11-21 14:00:00,1.20285,1.17098,1.19503,1.17779,1,1
149,2022-11-22 10:00:00,1.20285,1.17098,1.19022,1.17779,1,1
150,2022-11-22 22:00:00,1.20285,1.17098,1.1909,1.17779,1,1
151,2022-11-23 02:00:00,1.20285,1.17098,1.1909,1.1872,1,1
152,2022-11-23 14:00:00,1.20804,1.1872,1.1909,1.1872,1,1
153,2022-11-23 14:00:00,1.20804,1.1872,1.20804,1.1872,1,1
154,2022-11-23 22:00:00,1.20917,1.1872,1.20804,1.1872,2,1
155,2022-11-24 02:00:00,1.21129,1.1872,1.20804,1.1872,2,1
156,2022-11-24 02:00:00,1.21129,1.1872,1.21129,1.1872,2,1
157,2022-11-24 10:00:00,1.21314,1.1872,1.21129,1.1872,1,1
158,2022-11-24 14:00:00,1.2153,1.1872,1.21129,1.1872,1,1
159,2022-11-24 14:00:00,1.2153,1.1872,1.2153,1.1872,1,1
160,2022-11-25 02:00:00,1.2153,1.1872,1.21269,1.1872,1,1
161,2022-11-25 10:00:00,1.2153,1.1872,1.21269,1.20577,1,1
162,2022-11-28 06:00:00,1.2153,1.1872,1.21175,1.20577,1,1
163,2022-11-28 18:00:00,1.2153,1.1872,1.21175,1.19398,1,1
164,2022-11-29 06:00:00,1.2153,1.1872,1.20639,1.19398,1,1
165,2022-11-29 22:00:00,1.2153,1.1872,1.20639,1.19414,1,1
166,2022-11-30 10:00:00,1.2153,1.1872,1.20288,1.19414,1,1
167,2022-11-30 14:00:00,1.2153,1.1872,1.20288,1.18999,1,1
168,2022-12-01 10:00:00,1.22412,1.18999,1.20288,1.18999,2,1
169,2022-12-01 14:00:00,1.23098,1.18999,1.20288,1.18999,2,1
170,2022-12-01 14:00:00,1.23098,1.18999,1.23098,1.18999,2,1
171,2022-12-02 02:00:00,1.23098,1.18999,1.23098,1.22243,2,1
172,2022-12-02 06:00:00,1.23098,1.18999,1.22974,1.22243,2,1
173,2022-12-02 10:00:00,1.23098,1.18999,1.22974,1.21338,2,1
174,2022-12-02 14:00:00,1.23098,1.18999,1.22997,1.21338,2,1
175,2022-12-04 22:00:00,1.23346,1.21338,1.22997,1.21338,1,1
176,2022-12-05 02:00:00,1.23441,1.21338,1.22997,1.21338,1,-1
177,2022-12-05 18:00:00,1.23441,1.21338,1.22997,1.2161,1,-1
178,2022-12-06 14:00:00,1.23441,1.21338,1.22689,1.2161,1,-1
179,2022-12-06 18:00:00,1.22689,1.21267,1.22689,1.2161,-1,-1
180,2022-12-06 22:00:00,1.22689,1.21212,1.22689,1.2161,-1,-1
181,2022-12-06 22:00:00,1.22689,1.21212,1.22689,1.21212,-1,-1
182,2022-12-07 06:00:00,1.22689,1.21058,1.22689,1.21212,1,1
183,2022-12-07 06:00:00,1.22689,1.21058,1.22689,1.21058,1,1
184,2022-12-07 18:00:00,1.22689,1.21058,1.22343,1.21058,1,1
185,2022-12-08 10:00:00,1.22689,1.21058,1.22343,1.21542,1,1
186,2022-12-08 14:00:00,1.22689,1.21058,1.22467,1.21542,1,1
187,2022-12-08 22:00:00,1.22718,1.21542,1.22467,1.21542,-1,1
188,2022-12-09 02:00:00,1.22764,1.21542,1.22467,1.21542,-1,1
189,2022-12-09 02:00:00,1.22764,1.21542,1.22764,1.21542,-1,1
190,2022-12-09 10:00:00,1.22969,1.22017,1.22764,1.21542,1,1
191,2022-12-09 10:00:00,1.22969,1.22017,1.22764,1.22017,1,1
192,2022-12-09 14:00:00,1.23221,1.22017,1.22764,1.22017,1,1
193,2022-12-09 14:00:00,1.23221,1.22017,1.23221,1.22017,1,1
194,2022-12-12 06:00:00,1.23221,1.22017,1.23221,1.22054,1,1
195,2022-12-12 14:00:00,1.23221,1.22017,1.22983,1.22054,1,1
196,2022-12-12 18:00:00,1.23221,1.22017,1.22983,1.22405,1,1
197,2022-12-13 06:00:00,1.23221,1.22017,1.22983,1.22477,1,1
198,2022-12-13 10:00:00,1.24381,1.22477,1.22983,1.22477,1,1
199,2022-12-13 14:00:00,1.24432,1.22477,1.22983,1.22477,1,1
200,2022-12-13 14:00:00,1.24432,1.22477,1.24432,1.22477,1,1
201,2022-12-13 22:00:00,1.24432,1.22477,1.24432,1.23414,1,1
202,2022-12-14 18:00:00,1.24464,1.23442,1.24432,1.23414,-1,-1
203,2022-12-14 18:00:00,1.24464,1.23442,1.24464,1.23414,-1,-1
204,2022-12-15 06:00:00,1.24464,1.22957,1.24464,1.23414,-1,-1
205,2022-12-15 10:00:00,1.24464,1.22858,1.24464,1.23414,-1,-1
206,2022-12-15 14:00:00,1.24464,1.21558,1.24464,1.23414,-1,-1
207,2022-12-15 14:00:00,1.24464,1.21558,1.24464,1.21558,-1,-1
208,2022-12-16 02:00:00,1.24464,1.21558,1.22225,1.21558,-1,-1
209,2022-12-16 06:00:00,1.22225,1.21193,1.22225,1.21558,1,1
210,2022-12-16 06:00:00,1.22225,1.21193,1.22225,1.21193,1,1
211,2022-12-16 18:00:00,1.22225,1.21193,1.22225,1.21331,1,1
212,2022-12-19 06:00:00,1.22416,1.21331,1.22225,1.21331,-1,-1
213,2022-12-19 06:00:00,1.22416,1.21331,1.22416,1.21331,-1,-1
214,2022-12-19 14:00:00,1.22416,1.212,1.22416,1.21331,1,-1
215,2022-12-19 14:00:00,1.22416,1.212,1.22416,1.212,1,-1
216,2022-12-20 02:00:00,1.22234,1.20847,1.22416,1.212,1,-1
217,2022-12-20 02:00:00,1.22234,1.20847,1.22234,1.212,1,-1
218,2022-12-20 22:00:00,1.22234,1.20847,1.21921,1.212,1,-1
219,2022-12-21 14:00:00,1.21921,1.20548,1.21921,1.212,-1,-1
220,2022-12-21 14:00:00,1.21921,1.20548,1.21921,1.20548,-1,-1
221,2022-12-22 06:00:00,1.21921,1.20548,1.21473,1.20548,-1,-1
222,2022-12-22 10:00:00,1.21473,1.20219,1.21473,1.20548,-2,-1
223,2022-12-22 14:00:00,1.21473,1.19919,1.21473,1.20548,-2,-1
224,2022-12-22 14:00:00,1.21473,1.19919,1.21473,1.19919,-2,-1
225,2022-12-23 10:00:00,1.21473,1.19919,1.20899,1.19919,-2,-1
226,2022-12-26 06:00:00,1.21473,1.19919,1.20899,1.20475,-2,-1
227,2022-12-26 10:00:00,1.21473,1.19919,1.20773,1.20475,-2,-1
228,2022-12-27 06:00:00,1.21473,1.19919,1.2112,1.20475,-2,-1
229,2022-12-27 14:00:00,1.21473,1.19919,1.2112,1.20021,-2,-1
230,2022-12-28 02:00:00,1.21473,1.19919,1.2112,1.20018,-2,-1
231,2022-12-28 14:00:00,1.21473,1.19919,1.21254,1.20018,-2,-1
232,2022-12-28 22:00:00,1.21473,1.19919,1.21254,1.20127,-2,-1
233,2022-12-29 06:00:00,1.21473,1.19919,1.20628,1.20127,-2,-1
234,2022-12-29 14:00:00,1.21473,1.19919,1.20783,1.20127,-2,-1
235,2022-12-30 06:00:00,1.21473,1.19919,1.20746,1.20127,-2,-1
236,2022-12-30 10:00:00,1.21473,1.19919,1.20746,1.20093,-2,-1
237,2022-12-30 14:00:00,1.21473,1.19919,1.21071,1.20093,-2,-1
238,2023-01-02 06:00:00,1.21473,1.19919,1.21071,1.20408,-2,-1
239,2023-01-02 14:00:00,1.21473,1.19919,1.21071,1.20325,-2,-1
240,2023-01-03 02:00:00,1.21473,1.19919,1.20847,1.20325,-2,-1
241,2023-01-03 06:00:00,1.20847,1.18999,1.20847,1.20325,-1,1
242,2023-01-03 06:00:00,1.20847,1.18999,1.20847,1.18999,-1,1
243,2023-01-04 06:00:00,1.20859,1.18999,1.20847,1.18999,-1,1
244,2023-01-04 10:00:00,1.20875,1.18999,1.20847,1.18999,-1,-1
245,2023-01-04 10:00:00,1.20875,1.18999,1.20875,1.18999,-1,-1
246,2023-01-04 22:00:00,1.20875,1.18999,1.20779,1.18999,-1,-1
247,2023-01-05 14:00:00,1.20779,1.18729,1.20779,1.18999,1,-1
248,2023-01-05 14:00:00,1.20779,1.18729,1.20779,1.18729,1,-1
249,2023-01-06 02:00:00,1.20779,1.18729,1.19355,1.18729,1,-1
250,2023-01-06 06:00:00,1.19355,1.18533,1.19355,1.18729,1,-1
251,2023-01-06 10:00:00,1.19355,1.18408,1.19355,1.18729,1,1
252,2023-01-06 10:00:00,1.19355,1.18408,1.19355,1.18408,1,1
253,2023-01-06 14:00:00,1.20845,1.18408,1.19355,1.18408,2,1
254,2023-01-06 18:00:00,1.20989,1.18408,1.19355,1.18408,2,1
255,2023-01-06 18:00:00,1.20989,1.18408,1.20989,1.18408,2,1
256,2023-01-08 22:00:00,1.21278,1.18408,1.20989,1.18408,2,1
257,2023-01-09 02:00:00,1.21575,1.18408,1.20989,1.18408,2,1
258,2023-01-09 06:00:00,1.21739,1.18408,1.20989,1.18408,2,1
259,2023-01-09 10:00:00,1.21879,1.21117,1.20989,1.18408,2,1
260,2023-01-09 10:00:00,1.21879,1.21117,1.20989,1.21117,2,1
261,2023-01-09 14:00:00,1.22096,1.21117,1.20989,1.21117,2,-1
262,2023-01-09 14:00:00,1.22096,1.21117,1.22096,1.21117,2,-1
263,2023-01-10 10:00:00,1.22096,1.21096,1.22096,1.21117,1,-1
264,2023-01-10 10:00:00,1.22096,1.21096,1.22096,1.21096,1,-1
265,2023-01-11 06:00:00,1.22096,1.21096,1.2178,1.21096,1,-1
266,2023-01-11 10:00:00,1.2178,1.21031,1.2178,1.21096,1,-1
267,2023-01-11 14:00:00,1.2178,1.20999,1.2178,1.21096,1,1
268,2023-01-11 14:00:00,1.2178,1.20999,1.2178,1.20999,1,1
269,2023-01-12 06:00:00,1.21818,1.20999,1.2178,1.20999,1,1
270,2023-01-12 10:00:00,1.22417,1.20901,1.2178,1.20999,1,-1
271,2023-01-12 10:00:00,1.22417,1.20901,1.22417,1.20999,1,-1
272,2023-01-12 14:00:00,1.22417,1.20879,1.22417,1.20999,1,1
273,2023-01-12 14:00:00,1.22417,1.20879,1.22417,1.20879,1,1
274,2023-01-12 18:00:00,1.22465,1.20879,1.22417,1.20879,-1,1
275,2023-01-12 18:00:00,1.22465,1.20879,1.22465,1.20879,-1,1
276,2023-01-13 02:00:00,1.22465,1.20879,1.22465,1.21756,-1,1
277,2023-01-13 06:00:00,1.22483,1.21756,1.22465,1.21756,-1,-1
278,2023-01-13 06:00:00,1.22483,1.21756,1.22483,1.21756,-1,-1
279,2023-01-13 10:00:00,1.22483,1.21584,1.22483,1.21756,1,-1
280,2023-01-13 14:00:00,1.22483,1.21498,1.22483,1.21756,1,1
281,2023-01-13 14:00:00,1.22483,1.21498,1.22483,1.21498,1,1
282,2023-01-15 22:00:00,1.22762,1.21498,1.22483,1.21498,1,1
283,2023-01-16 02:00:00,1.22887,1.21498,1.22483,1.21498,1,1
284,2023-01-16 06:00:00,1.22887,1.21498,1.22483,1.21711,1,1
285,2023-01-16 22:00:00,1.22887,1.21498,1.22123,1.21711,1,1
286,2023-01-17 06:00:00,1.22887,1.21498,1.22123,1.21688,1,1
287,2023-01-17 14:00:00,1.23001,1.21688,1.22123,1.21688,1,1
288,2023-01-17 14:00:00,1.23001,1.21688,1.23001,1.21688,1,1
289,2023-01-18 02:00:00,1.23001,1.21688,1.23001,1.22536,1,1
290,2023-01-18 06:00:00,1.2363,1.22536,1.23001,1.22536,2,1
291,2023-01-18 10:00:00,1.24213,1.22536,1.23001,1.22536,2,1
292,2023-01-18 14:00:00,1.24355,1.22536,1.23001,1.22536,2,1
293,2023-01-18 14:00:00,1.24355,1.22536,1.24355,1.22536,2,1
294,2023-01-18 22:00:00,1.24355,1.22536,1.24355,1.23181,2,1
295,2023-01-19 06:00:00,1.24355,1.22536,1.24355,1.23126,2,1
296,2023-01-19 22:00:00,1.24355,1.22536,1.23977,1.23126,2,1
297,2023-01-20 10:00:00,1.24355,1.22536,1.23977,1.2335,2,1
298,2023-01-20 18:00:00,1.24355,1.22536,1.2404,1.2335,2,1
299,2023-01-23 02:00:00,1.24476,1.2335,1.2404,1.2335,-1,-1
300,2023-01-23 14:00:00,1.2404,1.23231,1.2404,1.2335,1,1
301,2023-01-23 14:00:00,1.2404,1.23231,1.2404,1.23231,1,1
302,2023-01-24 06:00:00,1.24134,1.23076,1.2404,1.23231,-1,-1
303,2023-01-24 06:00:00,1.24134,1.23076,1.24134,1.23231,-1,-1
304,2023-01-24 10:00:00,1.24134,1.22813,1.24134,1.23231,-1,-1
305,2023-01-24 14:00:00,1.24134,1.22628,1.24134,1.23231,-1,1
306,2023-01-24 14:00:00,1.24134,1.22628,1.24134,1.22628,-1,1
307,2023-01-24 18:00:00,1.24134,1.22628,1.23417,1.22628,-1,1
308,2023-01-25 06:00:00,1.24134,1.22628,1.23389,1.22628,-1,1
309,2023-01-25 10:00:00,1.24134,1.22628,1.23389,1.22828,-1,1
310,2023-01-25 22:00:00,1.24179,1.22828,1.23389,1.22828,-1,1
311,2023-01-25 22:00:00,1.24179,1.22828,1.24179,1.22828,-1,1
312,2023-01-26 06:00:00,1.24302,1.22828,1.24179,1.22828,-1,-1
313,2023-01-26 06:00:00,1.24302,1.22828,1.24302,1.22828,-1,-1
314,2023-01-26 14:00:00,1.24302,1.22828,1.24302,1.23441,-1,-1
315,2023-01-27 14:00:00,1.24302,1.22828,1.24302,1.2345,-1,-1
316,2023-01-27 18:00:00,1.24302,1.22828,1.23993,1.2345,-1,-1
317,2023-01-30 06:00:00,1.24302,1.22828,1.23993,1.23679,-1,-1
318,2023-01-30 10:00:00,1.24302,1.22828,1.24173,1.23679,-1,-1
319,2023-01-30 18:00:00,1.24302,1.22828,1.24173,1.23365,-1,-1
320,2023-01-31 14:00:00,1.24302,1.22828,1.24173,1.22838,-1,-1
321,2023-01-31 18:00:00,1.24302,1.22828,1.2337,1.22838,-1,-1
322,2023-02-01 18:00:00,1.23947,1.22719,1.2337,1.22838,1,1
323,2023-02-01 18:00:00,1.23947,1.22719,1.2337,1.22719,1,1
324,2023-02-01 22:00:00,1.2401,1.22719,1.2337,1.22719,1,-1
325,2023-02-01 22:00:00,1.2401,1.22719,1.2401,1.22719,1,-1
326,2023-02-02 10:00:00,1.2401,1.22644,1.2401,1.22719,-1,-1
327,2023-02-02 14:00:00,1.2401,1.22311,1.2401,1.22719,-1,-1
328,2023-02-02 18:00:00,1.2401,1.22216,1.2401,1.22719,-1,-1
329,2023-02-02 22:00:00,1.2401,1.22047,1.2401,1.22719,-1,-1
330,2023-02-03 02:00:00,1.2401,1.22016,1.2401,1.22719,-1,-1
331,2023-02-03 06:00:00,1.2401,1.21827,1.2401,1.22719,-1,-1
332,2023-02-03 10:00:00,1.22651,1.21007,1.2401,1.22719,-1,-1
333,2023-02-03 10:00:00,1.22651,1.21007,1.22651,1.22719,-1,-1
334,2023-02-03 14:00:00,1.22651,1.2062,1.22651,1.22719,-1,-1
335,2023-02-03 18:00:00,1.22651,1.20471,1.22651,1.22719,-1,-1
336,2023-02-03 18:00:00,1.22651,1.20471,1.22651,1.20471,-1,-1
337,2023-02-05 22:00:00,1.22651,1.20301,1.22651,1.20471,-1,-1
338,2023-02-06 10:00:00,1.20771,1.20212,1.22651,1.20471,-1,-1
339,2023-02-06 10:00:00,1.20771,1.20212,1.20771,1.20471,-1,-1
340,2023-02-06 14:00:00,1.20771,1.20051,1.20771,1.20471,-1,-1
341,2023-02-06 14:00:00,1.20771,1.20051,1.20771,1.20051,-1,-1
342,2023-02-07 06:00:00,1.20771,1.19862,1.20771,1.20051,-1,-1
343,2023-02-07 06:00:00,1.20771,1.19862,1.2057,1.20051,-1,-1
344,2023-02-07 10:00:00,1.2057,1.19608,1.2057,1.20051,-1,1
345,2023-02-07 10:00:00,1.2057,1.19608,1.2057,1.19608,-1,1
346,2023-02-07 14:00:00,1.20948,1.19608,1.2057,1.19608,-1,1
347,2023-02-07 14:00:00,1.20948,1.19608,1.20948,1.19608,-1,1
348,2023-02-08 06:00:00,1.21092,1.19608,1.20948,1.19608,-1,1
349,2023-02-08 06:00:00,1.21092,1.19608,1.21092,1.19608,-1,1
350,2023-02-09 06:00:00,1.21429,1.19608,1.21092,1.19608,2,1
351,2023-02-09 10:00:00,1.21921,1.19608,1.21092,1.19608,2,1
352,2023-02-09 14:00:00,1.21936,1.19608,1.21092,1.19608,2,1
353,2023-02-09 14:00:00,1.21936,1.19608,1.21936,1.19608,2,1
354,2023-02-10 02:00:00,1.21936,1.19608,1.21936,1.20891,2,1
355,2023-02-10 06:00:00,1.21936,1.19608,1.2139,1.20891,2,1
356,2023-02-10 18:00:00,1.21936,1.19608,1.2139,1.20468,2,1
357,2023-02-13 10:00:00,1.21936,1.19608,1.2139,1.20305,2,1
358,2023-02-13 22:00:00,1.21936,1.19608,1.21519,1.20305,2,1
359,2023-02-14 10:00:00,1.22696,1.20305,1.21519,1.20305,-1,-1
360,2023-02-14 10:00:00,1.22696,1.20305,1.22696,1.20305,-1,-1
361,2023-02-14 14:00:00,1.22696,1.20305,1.22696,1.2117,-1,-1
362,2023-02-15 10:00:00,1.22696,1.20061,1.22696,1.2117,-2,-1
363,2023-02-15 14:00:00,1.22696,1.19894,1.22696,1.2117,-2,-1
364,2023-02-15 14:00:00,1.22696,1.19894,1.22696,1.19894,-2,-1
365,2023-02-16 06:00:00,1.22696,1.19894,1.20737,1.19894,-2,-1
366,2023-02-16 10:00:00,1.20737,1.19786,1.20737,1.19894,1,-1
367,2023-02-16 14:00:00,1.20737,1.19651,1.20737,1.19894,1,-1
368,2023-02-16 14:00:00,1.20737,1.19651,1.20737,1.19651,1,-1
369,2023-02-16 22:00:00,1.20737,1.19513,1.20737,1.19651,-2,-1
370,2023-02-17 02:00:00,1.20737,1.19409,1.20737,1.19651,-2,-1
371,2023-02-17 06:00:00,1.20737,1.19145,1.20737,1.19651,-2,1
372,2023-02-17 06:00:00,1.20737,1.19145,1.20737,1.19145,-2,1
373,2023-02-17 18:00:00,1.20737,1.19145,1.20491,1.19145,-2,1
374,2023-02-20 06:00:00,1.20737,1.19145,1.20564,1.19145,-2,1
375,2023-02-20 22:00:00,1.20737,1.19145,1.20434,1.19145,-2,1
376,2023-02-21 06:00:00,1.21133,1.19854,1.20434,1.19145,1,1
377,2023-02-21 06:00:00,1.21133,1.19854,1.20434,1.19854,1,1
378,2023-02-21 10:00:00,1.21297,1.19854,1.20434,1.19854,1,1
379,2023-02-21 14:00:00,1.21473,1.19854,1.20434,1.19854,1,-1
380,2023-02-21 14:00:00,1.21473,1.19854,1.21473,1.19854,1,-1
381,2023-02-22 18:00:00,1.21473,1.19854,1.21473,1.20345,1,-1
382,2023-02-23 06:00:00,1.21473,1.19854,1.20744,1.20345,1,-1
383,2023-02-23 14:00:00,1.21473,1.19854,1.20744,1.19918,1,-1
384,2023-02-24 06:00:00,1.21473,1.19854,1.20414,1.19918,1,-1
385,2023-02-24 10:00:00,1.20414,1.19456,1.20414,1.19918,-2,-1
386,2023-02-24 14:00:00,1.20414,1.19279,1.20414,1.19918,-2,-1
387,2023-02-24 14:00:00,1.20414,1.19279,1.20414,1.19279,-2,-1
388,2023-02-27 06:00:00,1.20414,1.1922,1.20414,1.19279,1,1
389,2023-02-27 06:00:00,1.20414,1.1922,1.20414,1.1922,1,1
390,2023-02-27 14:00:00,1.20601,1.1922,1.20414,1.1922,2,1
391,2023-02-27 18:00:00,1.20656,1.1922,1.20414,1.1922,2,1
392,2023-02-27 22:00:00,1.20676,1.1922,1.20414,1.1922,2,1
393,2023-02-27 22:00:00,1.20676,1.1922,1.20676,1.1922,2,1
394,2023-02-28 06:00:00,1.20973,1.20267,1.20676,1.1922,2,1
395,2023-02-28 06:00:00,1.20973,1.20267,1.20676,1.20267,2,1
396,2023-02-28 10:00:00,1.21279,1.20267,1.20676,1.20267,2,1
397,2023-02-28 14:00:00,1.21428,1.20267,1.20676,1.20267,2,-1
398,2023-02-28 14:00:00,1.21428,1.20267,1.21428,1.20267,2,-1
399,2023-02-28 18:00:00,1.21428,1.20169,1.21428,1.20267,1,-1
400,2023-02-28 22:00:00,1.21428,1.20105,1.21428,1.20267,1,-1
401,2023-02-28 22:00:00,1.21428,1.20105,1.21428,1.20105,1,-1
402,2023-03-01 06:00:00,1.21428,1.20105,1.20884,1.20105,1,-1
403,2023-03-01 10:00:00,1.20884,1.20075,1.20884,1.20105,1,-1
404,2023-03-01 14:00:00,1.20884,1.19647,1.20884,1.20105,1,-1
405,2023-03-01 14:00:00,1.20884,1.19647,1.20884,1.19647,1,-1
406,2023-03-02 06:00:00,1.20884,1.19552,1.20884,1.19647,-1,-1
407,2023-03-02 10:00:00,1.20884,1.19247,1.20884,1.19647,-1,-1
408,2023-03-02 10:00:00,1.20884,1.19247,1.20884,1.19247,-1,-1
409,2023-03-03 10:00:00,1.20884,1.19247,1.20184,1.19247,-1,-1
410,2023-03-03 14:00:00,1.20884,1.19247,1.20184,1.19618,-1,-1
411,2023-03-03 18:00:00,1.20884,1.19247,1.20482,1.19618,-1,-1
412,2023-03-06 10:00:00,1.20884,1.19247,1.20482,1.19925,-1,-1
413,2023-03-06 14:00:00,1.20884,1.19247,1.20487,1.19925,-1,-1
414,2023-03-07 06:00:00,1.20884,1.19247,1.20649,1.19925,-1,-1
415,2023-03-07 14:00:00,1.20649,1.18449,1.20649,1.19925,-2,-1
416,2023-03-07 18:00:00,1.20649,1.18207,1.20649,1.19925,-2,-1
417,2023-03-07 18:00:00,1.20649,1.18207,1.20649,1.18207,-2,-1
418,2023-03-08 02:00:00,1.20649,1.18095,1.20649,1.18207,1,-1
419,2023-03-08 02:00:00,1.20649,1.18095,1.20649,1.18095,1,-1
420,2023-03-08 14:00:00,1.18586,1.18024,1.20649,1.18095,1,1
421,2023-03-08 14:00:00,1.18586,1.18024,1.18586,1.18095,1,1
422,2023-03-09 02:00:00,1.18654,1.18095,1.18586,1.18095,1,1
423,2023-03-09 06:00:00,1.18887,1.18095,1.18586,1.18095,1,1
424,2023-03-09 10:00:00,1.1911,1.18095,1.18586,1.18095,1,1
425,2023-03-09 14:00:00,1.19361,1.18095,1.18586,1.18095,1,1
426,2023-03-09 18:00:00,1.19385,1.18095,1.18586,1.18095,1,1
427,2023-03-09 18:00:00,1.19385,1.18095,1.19385,1.18095,1,1
428,2023-03-10 06:00:00,1.20091,1.18095,1.19385,1.18095,2,1
429,2023-03-10 10:00:00,1.2045,1.18095,1.19385,1.18095,2,1
430,2023-03-10 14:00:00,1.21131,1.18095,1.19385,1.18095,2,1
431,2023-03-10 14:00:00,1.21131,1.18095,1.21131,1.18095,2,1
432,2023-03-13 02:00:00,1.2141,1.18095,1.21131,1.18095,-1,1
433,2023-03-13 02:00:00,1.2141,1.18095,1.2141,1.18095,-1,1
434,2023-03-13 10:00:00,1.2141,1.18095,1.2141,1.20459,-1,1
435,2023-03-13 14:00:00,1.21863,1.20459,1.2141,1.20459,1,1
436,2023-03-13 18:00:00,1.21992,1.20459,1.2141,1.20459,1,1
437,2023-03-13 18:00:00,1.21992,1.20459,1.21992,1.20459,1,1
438,2023-03-14 10:00:00,1.22034,1.20459,1.21992,1.20459,-1,-1
439,2023-03-14 10:00:00,1.22034,1.20459,1.22034,1.20459,-1,-1
440,2023-03-14 14:00:00,1.22034,1.20459,1.22034,1.21352,-1,-1
441,2023-03-15 10:00:00,1.22034,1.20418,1.22034,1.21352,1,-1
442,2023-03-15 14:00:00,1.22034,1.20097,1.22034,1.21352,1,1
443,2023-03-15 14:00:00,1.22034,1.20097,1.22034,1.20097,1,1
444,2023-03-16 06:00:00,1.22034,1.20097,1.21126,1.20097,1,1
445,2023-03-16 10:00:00,1.22034,1.20097,1.21126,1.20265,1,1
446,2023-03-17 06:00:00,1.22034,1.20097,1.21761,1.20265,1,1
447,2023-03-17 10:00:00,1.22034,1.20097,1.21761,1.21128,1,1
448,2023-03-17 18:00:00,1.22034,1.20097,1.22003,1.21128,1,1
449,2023-03-19 18:00:00,1.22063,1.21128,1.22003,1.21128,-1,1
450,2023-03-20 06:00:00,1.22141,1.21666,1.22003,1.21128,-1,1
451,2023-03-20 06:00:00,1.22141,1.21666,1.22003,1.21666,-1,1
452,2023-03-20 10:00:00,1.22624,1.21666,1.22003,1.21666,-1,1
453,2023-03-20 14:00:00,1.22791,1.21666,1.22003,1.21666,-1,1
454,2023-03-20 18:00:00,1.22846,1.21666,1.22003,1.21666,-1,1
455,2023-03-20 18:00:00,1.22846,1.21666,1.22846,1.21666,-1,1
456,2023-03-21 14:00:00,1.22846,1.21666,1.22846,1.21784,-1,1
457,2023-03-22 06:00:00,1.2297,1.21784,1.22846,1.21784,-1,1
458,2023-03-22 06:00:00,1.2297,1.21784,1.2297,1.21784,-1,1
459,2023-03-22 14:00:00,1.2297,1.21784,1.2297,1.22207,-1,1
460,2023-03-22 18:00:00,1.23346,1.22207,1.2297,1.22207,1,1
461,2023-03-22 18:00:00,1.23346,1.22207,1.23346,1.22207,1,1
462,2023-03-23 06:00:00,1.23432,1.22207,1.23346,1.22207,-1,-1
463,2023-03-23 06:00:00,1.23432,1.22207,1.23432,1.22207,-1,-1
464,2023-03-23 10:00:00,1.23432,1.22207,1.23432,1.22646,-1,-1
465,2023-03-23 22:00:00,1.23432,1.22207,1.23432,1.22611,-1,-1
466,2023-03-24 06:00:00,1.23432,1.22108,1.23432,1.22611,-2,-1
467,2023-03-24 10:00:00,1.23432,1.21898,1.23432,1.22611,-2,1
468,2023-03-24 10:00:00,1.23432,1.21898,1.23432,1.21898,-2,1
469,2023-03-24 18:00:00,1.23432,1.21898,1.22342,1.21898,-2,1
470,2023-03-27 06:00:00,1.23432,1.21898,1.22342,1.22186,-2,1
471,2023-03-27 14:00:00,1.23432,1.21898,1.22929,1.22186,-2,1
472,2023-03-28 06:00:00,1.23432,1.21898,1.23299,1.22186,-2,1
473,2023-03-28 14:00:00,1.23491,1.22186,1.23299,1.22186,-1,1
474,2023-03-28 14:00:00,1.23491,1.22186,1.23491,1.22186,-1,1
475,2023-03-29 06:00:00,1.23581,1.22186,1.23491,1.22186,-1,1
476,2023-03-29 10:00:00,1.23614,1.23023,1.23491,1.22186,-1,-1
477,2023-03-29 10:00:00,1.23614,1.23023,1.23614,1.22186,-1,-1
478,2023-03-29 22:00:00,1.23614,1.2293,1.23614,1.22186,1,1
479,2023-03-29 22:00:00,1.23614,1.2293,1.23614,1.2293,1,1
480,2023-03-30 06:00:00,1.23633,1.2293,1.23614,1.2293,1,1
481,2023-03-30 10:00:00,1.23841,1.2293,1.23614,1.2293,1,1
482,2023-03-30 14:00:00,1.23861,1.2293,1.23614,1.2293,1,1
483,2023-03-30 18:00:00,1.23927,1.2293,1.23614,1.2293,1,1
484,2023-03-30 22:00:00,1.24227,1.2293,1.23614,1.2293,1,-1
485,2023-03-30 22:00:00,1.24227,1.2293,1.24227,1.2293,1,-1
486,2023-03-31 06:00:00,1.24227,1.2293,1.24227,1.23533,1,-1
487,2023-03-31 14:00:00,1.24227,1.2293,1.24227,1.2324,1,-1
488,2023-04-02 22:00:00,1.24227,1.22814,1.24227,1.2324,-1,-1
489,2023-04-03 02:00:00,1.24227,1.22753,1.24227,1.2324,-1,-1
490,2023-04-03 06:00:00,1.24227,1.2274,1.24227,1.2324,-1,1
491,2023-04-03 06:00:00,1.24227,1.2274,1.24227,1.2274,-1,1
492,2023-04-03 18:00:00,1.24232,1.2274,1.24227,1.2274,-1,1
493,2023-04-03 22:00:00,1.2425,1.2274,1.24227,1.2274,-1,1
494,2023-04-03 22:00:00,1.2425,1.2274,1.2425,1.2274,-1,1
495,2023-04-04 06:00:00,1.25209,1.2274,1.2425,1.2274,1,1
496,2023-04-04 06:00:00,1.25209,1.2274,1.25209,1.2274,1,1
497,2023-04-04 14:00:00,1.2525,1.2274,1.25209,1.2274,-1,1
498,2023-04-04 14:00:00,1.2525,1.2274,1.2525,1.2274,-1,1
499,2023-04-05 06:00:00,1.2525,1.2274,1.25141,1.2274,-1,1
500,2023-04-05 14:00:00,1.2525,1.2274,1.25141,1.24323,-1,1
501,2023-04-06 02:00:00,1.2525,1.2274,1.25141,1.24369,-1,1
502,2023-04-06 06:00:00,1.2525,1.2274,1.24867,1.24369,-1,1
503,2023-04-06 10:00:00,1.2525,1.2274,1.24867,1.24123,-1,1
504,2023-04-07 06:00:00,1.2525,1.2274,1.24557,1.24123,-1,1
505,2023-04-07 10:00:00,1.2525,1.2274,1.24557,1.23888,-1,1
506,2023-04-10 06:00:00,1.2525,1.2274,1.24423,1.23888,-1,1
507,2023-04-10 10:00:00,1.2525,1.2274,1.24423,1.2344,-1,1
508,2023-04-11 10:00:00,1.2525,1.2274,1.24559,1.2344,-1,1
509,2023-04-11 14:00:00,1.2525,1.2274,1.24559,1.24051,-1,1
510,2023-04-12 10:00:00,1.2525,1.2274,1.24559,1.2398,-1,1
511,2023-04-12 22:00:00,1.2525,1.2274,1.24961,1.2398,-1,1
512,2023-04-13 06:00:00,1.2525,1.2274,1.24961,1.24774,-1,1
513,2023-04-13 10:00:00,1.25373,1.24774,1.24961,1.24774,1,1
514,2023-04-13 10:00:00,1.25373,1.24774,1.25373,1.24774,1,1
515,2023-04-14 02:00:00,1.25459,1.24774,1.25373,1.24774,-1,-1
516,2023-04-14 02:00:00,1.25459,1.24774,1.25459,1.24774,-1,-1
517,2023-04-14 10:00:00,1.25459,1.246,1.25459,1.24774,-2,-1
518,2023-04-14 14:00:00,1.25459,1.23988,1.25459,1.24774,-2,-1
519,2023-04-14 14:00:00,1.25459,1.23988,1.25459,1.23988,-2,-1
520,2023-04-16 18:00:00,1.25459,1.23985,1.25459,1.23988,-1,-1
521,2023-04-16 22:00:00,1.25459,1.23831,1.25459,1.23988,-1,-1
522,2023-04-17 06:00:00,1.25459,1.23738,1.25459,1.23988,-1,-1
523,2023-04-17 06:00:00,1.25459,1.23738,1.25459,1.23738,-1,-1
524,2023-04-17 10:00:00,1.25459,1.23738,1.24378,1.23738,-1,-1
525,2023-04-17 14:00:00,1.24378,1.23528,1.24378,1.23738,1,1
526,2023-04-17 14:00:00,1.24378,1.23528,1.24378,1.23528,1,1
527,2023-04-18 06:00:00,1.24441,1.23528,1.24378,1.23528,-1,1
528,2023-04-18 10:00:00,1.24497,1.23528,1.24378,1.23528,-1,1
529,2023-04-18 10:00:00,1.24497,1.23528,1.24497,1.23528,-1,1
530,2023-04-19 06:00:00,1.24723,1.23528,1.24497,1.23528,-1,1
531,2023-04-19 06:00:00,1.24723,1.23528,1.24723,1.23528,-1,1
532,2023-04-19 10:00:00,1.24723,1.23528,1.24723,1.23922,-1,1
533,2023-04-19 14:00:00,1.2474,1.23922,1.24723,1.23922,-1,-1
534,2023-04-19 14:00:00,1.2474,1.23922,1.2474,1.23922,-1,-1
535,2023-04-19 22:00:00,1.2474,1.23922,1.2474,1.24201,-1,-1
536,2023-04-20 10:00:00,1.2474,1.23922,1.2474,1.24044,-1,-1
537,2023-04-20 14:00:00,1.2474,1.23922,1.24675,1.24044,-1,-1
538,2023-04-21 06:00:00,1.24675,1.23767,1.24675,1.24044,-1,-1
539,2023-04-21 10:00:00,1.24675,1.23733,1.24675,1.24044,-1,-1
540,2023-04-21 14:00:00,1.24675,1.23666,1.24675,1.24044,-1,1
541,2023-04-21 14:00:00,1.24675,1.23666,1.24675,1.23666,-1,1
542,2023-04-21 18:00:00,1.24675,1.23666,1.24479,1.23666,-1,1
543,2023-04-24 06:00:00,1.24675,1.23666,1.24588,1.23666,-1,1
544,2023-04-24 14:00:00,1.24851,1.23666,1.24588,1.23666,1,1
545,2023-04-24 18:00:00,1.24858,1.23666,1.24588,1.23666,1,1
546,2023-04-24 22:00:00,1.25066,1.23666,1.24588,1.23666,1,1
547,2023-04-24 22:00:00,1.25066,1.23666,1.25066,1.23666,1,1
548,2023-04-25 14:00:00,1.25066,1.23666,1.25066,1.23863,1,1
549,2023-04-26 10:00:00,1.2515,1.23863,1.25066,1.23863,-1,1
550,2023-04-26 10:00:00,1.2515,1.23863,1.2515,1.23863,-1,1
551,2023-04-26 18:00:00,1.2515,1.23863,1.2515,1.24535,-1,1
552,2023-04-27 02:00:00,1.2515,1.23863,1.24877,1.24535,-1,1
553,2023-04-27 10:00:00,1.2515,1.23863,1.24992,1.24535,-1,1
554,2023-04-27 22:00:00,1.2515,1.23863,1.25037,1.24535,-1,1
555,2023-04-28 10:00:00,1.25189,1.24462,1.25037,1.24535,1,1
556,2023-04-28 10:00:00,1.25189,1.24462,1.25037,1.24462,1,1
557,2023-04-28 14:00:00,1.25837,1.24462,1.25037,1.24462,1,-1
558,2023-04-28 14:00:00,1.25837,1.24462,1.25837,1.24462,1,-1
559,2023-05-01 02:00:00,1.25837,1.24462,1.25689,1.24462,1,-1
560,2023-05-01 06:00:00,1.25837,1.24462,1.25689,1.25141,1,-1
561,2023-05-01 14:00:00,1.25837,1.24462,1.25689,1.24802,1,-1
562,2023-05-02 10:00:00,1.25689,1.24352,1.25689,1.24802,1,1
563,2023-05-02 10:00:00,1.25689,1.24352,1.25689,1.24352,1,1
564,2023-05-03 06:00:00,1.25689,1.24352,1.25332,1.24352,1,1
565,2023-05-03 18:00:00,1.25895,1.24352,1.25332,1.24352,1,1
566,2023-05-03 22:00:00,1.25917,1.24352,1.25332,1.24352,1,1
567,2023-05-03 22:00:00,1.25917,1.24352,1.25917,1.24352,1,1
568,2023-05-04 06:00:00,1.25932,1.24352,1.25917,1.24352,-1,1
569,2023-05-04 06:00:00,1.25932,1.24352,1.25932,1.24352,-1,1
570,2023-05-04 10:00:00,1.25932,1.24352,1.25932,1.25478,-1,1
571,2023-05-04 14:00:00,1.25984,1.25478,1.25932,1.25478,-1,1
572,2023-05-04 14:00:00,1.25984,1.25478,1.25984,1.25478,-1,1
573,2023-05-05 02:00:00,1.26139,1.25478,1.25984,1.25478,1,1
574,2023-05-05 06:00:00,1.2634,1.25478,1.25984,1.25478,1,1
575,2023-05-05 06:00:00,1.2634,1.25478,1.2634,1.25478,1,1
576,2023-05-05 10:00:00,1.2634,1.25478,1.2634,1.25581,1,1
577,2023-05-05 14:00:00,1.26522,1.25581,1.2634,1.25581,-1,1
578,2023-05-05 14:00:00,1.26522,1.25581,1.26522,1.25581,-1,1
579,2023-05-08 02:00:00,1.26535,1.25581,1.26522,1.25581,-1,1
580,2023-05-08 06:00:00,1.26573,1.25581,1.26522,1.25581,-1,1
581,2023-05-08 10:00:00,1.26685,1.25581,1.26522,1.25581,-1,1
582,2023-05-08 10:00:00,1.26685,1.25581,1.26685,1.25581,-1,1
583,2023-05-08 22:00:00,1.26685,1.25581,1.26685,1.26036,-1,1
584,2023-05-09 06:00:00,1.26685,1.25581,1.26398,1.26036,-1,1
585,2023-05-09 10:00:00,1.26685,1.25581,1.26398,1.25777,-1,1
586,2023-05-09 22:00:00,1.26685,1.25581,1.26342,1.25777,-1,1
587,2023-05-10 02:00:00,1.26685,1.25581,1.26342,1.2611,-1,1
588,2023-05-10 10:00:00,1.26794,1.26022,1.26342,1.2611,-1,-1
589,2023-05-10 10:00:00,1.26794,1.26022,1.26794,1.2611,-1,-1
590,2023-05-11 06:00:00,1.26794,1.25649,1.26794,1.2611,-2,-1
591,2023-05-11 10:00:00,1.26794,1.25078,1.26794,1.2611,-2,-1
592,2023-05-11 14:00:00,1.26794,1.24962,1.26794,1.2611,-2,-1
593,2023-05-11 14:00:00,1.26794,1.24962,1.26794,1.24962,-2,-1
594,2023-05-12 10:00:00,1.25406,1.24913,1.26794,1.24962,-1,-1
595,2023-05-12 10:00:00,1.25406,1.24913,1.25406,1.24962,-1,-1
596,2023-05-12 14:00:00,1.25406,1.24486,1.25406,1.24962,-1,-1
597,2023-05-12 18:00:00,1.25406,1.24437,1.25406,1.24962,-1,-1
598,2023-05-12 18:00:00,1.25406,1.24437,1.25406,1.24437,-1,-1
599,2023-05-14 22:00:00,1.25406,1.24432,1.25406,1.24437,1,1
600,2023-05-15 14:00:00,1.25406,1.24432,1.25342,1.24437,1,1
601,2023-05-16 06:00:00,1.25461,1.24651,1.25342,1.24437,-1,-1
602,2023-05-16 06:00:00,1.25461,1.24651,1.25461,1.24437,-1,-1
603,2023-05-17 02:00:00,1.2493,1.24628,1.25461,1.24437,-2,-1
604,2023-05-17 02:00:00,1.2493,1.24628,1.2493,1.24437,-2,-1
605,2023-05-17 06:00:00,1.2493,1.24212,1.2493,1.24437,-2,1
606,2023-05-17 06:00:00,1.2493,1.24212,1.2493,1.24212,-2,1
607,2023-05-17 14:00:00,1.25099,1.24212,1.2493,1.24212,-1,-1
608,2023-05-17 14:00:00,1.25099,1.24212,1.25099,1.24212,-1,-1
609,2023-05-18 10:00:00,1.25099,1.24144,1.25099,1.24212,-1,-1
610,2023-05-18 14:00:00,1.25099,1.23911,1.25099,1.24212,-1,-1
611,2023-05-18 14:00:00,1.25099,1.23911,1.25099,1.23911,-1,-1
612,2023-05-19 02:00:00,1.25099,1.23911,1.25099,1.23916,-1,-1
613,2023-05-19 14:00:00,1.25099,1.23911,1.24835,1.23916,-1,-1
614,2023-05-22 06:00:00,1.25099,1.23911,1.24835,1.24135,-1,-1
615,2023-05-22 10:00:00,1.25099,1.23911,1.24709,1.24135,-1,-1
616,2023-05-22 22:00:00,1.25099,1.23911,1.24464,1.24135,-1,-1
617,2023-05-23 06:00:00,1.24464,1.23822,1.24464,1.24135,1,-1
618,2023-05-23 10:00:00,1.24464,1.23723,1.24464,1.24135,1,1
619,2023-05-23 10:00:00,1.24464,1.23723,1.24464,1.23723,1,1
620,2023-05-24 06:00:00,1.24691,1.23723,1.24464,1.23723,-1,-1
621,2023-05-24 06:00:00,1.24691,1.23723,1.24691,1.23723,-1,-1
622,2023-05-24 10:00:00,1.24691,1.23638,1.24691,1.23723,-1,-1
623,2023-05-24 14:00:00,1.24691,1.23575,1.24691,1.23723,-1,-1
624,2023-05-24 14:00:00,1.24691,1.23575,1.24691,1.23575,-1,-1
625,2023-05-24 22:00:00,1.24691,1.23433,1.24691,1.23575,-1,-1
626,2023-05-25 02:00:00,1.24691,1.23315,1.24691,1.23575,-1,-1
627,2023-05-25 02:00:00,1.24691,1.23315,1.24691,1.23315,-1,-1
628,2023-05-25 06:00:00,1.24691,1.23315,1.23867,1.23315,-1,-1
629,2023-05-25 10:00:00,1.23867,1.2327,1.23867,1.23315,-1,-1
630,2023-05-25 14:00:00,1.23867,1.23076,1.23867,1.23315,-1,1
631,2023-05-25 14:00:00,1.23867,1.23076,1.23867,1.23076,-1,1
632,2023-05-26 10:00:00,1.23952,1.23076,1.23867,1.23076,-1,1
633,2023-05-26 10:00:00,1.23952,1.23076,1.23952,1.23076,-1,1
634,2023-05-26 14:00:00,1.23952,1.23076,1.23952,1.23209,-1,1
635,2023-05-29 06:00:00,1.23952,1.23076,1.23714,1.23209,-1,1
636,2023-05-29 22:00:00,1.23952,1.23076,1.23787,1.23209,-1,1
637,2023-05-30 06:00:00,1.24206,1.23267,1.23787,1.23209,2,1
638,2023-05-30 06:00:00,1.24206,1.23267,1.23787,1.23267,2,1
639,2023-05-30 10:00:00,1.24461,1.23267,1.23787,1.23267,2,1
640,2023-05-30 10:00:00,1.24461,1.23267,1.24461,1.23267,2,1
641,2023-05-30 18:00:00,1.24461,1.23267,1.24461,1.23831,2,1
642,2023-05-31 06:00:00,1.24461,1.23267,1.24461,1.23476,2,1
643,2023-05-31 22:00:00,1.24492,1.23476,1.24461,1.23476,1,1
644,2023-05-31 22:00:00,1.24492,1.23476,1.24492,1.23476,1,1
645,2023-06-01 06:00:00,1.24492,1.23476,1.24492,1.24006,1,1
646,2023-06-01 10:00:00,1.2511,1.24006,1.24492,1.24006,2,1
647,2023-06-01 14:00:00,1.25394,1.24006,1.24492,1.24006,2,1
648,2023-06-01 14:00:00,1.25394,1.24006,1.25394,1.24006,2,1
649,2023-06-02 02:00:00,1.25443,1.24006,1.25394,1.24006,-1,-1
650,2023-06-02 02:00:00,1.25443,1.24006,1.25443,1.24006,-1,-1
651,2023-06-02 18:00:00,1.25443,1.24006,1.25443,1.24412,-1,-1
652,2023-06-05 06:00:00,1.25443,1.23877,1.25443,1.24412,-2,-1
653,2023-06-05 10:00:00,1.25443,1.23681,1.25443,1.24412,-2,1
654,2023-06-05 10:00:00,1.25443,1.23681,1.25443,1.23681,-2,1
655,2023-06-05 14:00:00,1.25443,1.23681,1.24433,1.23681,-2,1
656,2023-06-06 02:00:00,1.25443,1.23681,1.24584,1.23681,-2,1
657,2023-06-06 10:00:00,1.25443,1.23681,1.24584,1.23915,-2,1
658,2023-06-06 22:00:00,1.25443,1.23681,1.24376,1.23915,-2,1
659,2023-06-07 06:00:00,1.25443,1.23681,1.24376,1.23946,-2,1
660,2023-06-07 14:00:00,1.25443,1.23681,1.24997,1.23946,-2,1
661,2023-06-08 14:00:00,1.25577,1.23946,1.24997,1.23946,1,1
662,2023-06-08 18:00:00,1.25605,1.23946,1.24997,1.23946,1,1
663,2023-06-08 22:00:00,1.25631,1.23946,1.24997,1.23946,1,1
664,2023-06-08 22:00:00,1.25631,1.23946,1.25631,1.23946,1,1
665,2023-06-09 06:00:00,1.25678,1.25338,1.25631,1.23946,1,1
666,2023-06-09 06:00:00,1.25678,1.25338,1.25631,1.25338,1,1
667,2023-06-09 10:00:00,1.25863,1.25338,1.25631,1.25338,1,1
668,2023-06-09 14:00:00,1.259,1.25338,1.25631,1.25338,1,1
669,2023-06-09 14:00:00,1.259,1.25338,1.259,1.25338,1,1
670,2023-06-12 06:00:00,1.25992,1.25338,1.259,1.25338,-1,-1
671,2023-06-12 06:00:00,1.25992,1.25338,1.25992,1.25338,-1,-1
672,2023-06-12 10:00:00,1.25992,1.25173,1.25992,1.25338,-2,-1
673,2023-06-12 14:00:00,1.25992,1.24865,1.25992,1.25338,-2,1
674,2023-06-12 14:00:00,1.25992,1.24865,1.25992,1.24865,-2,1
675,2023-06-13 10:00:00,1.26052,1.24865,1.25992,1.24865,1,1
676,2023-06-13 14:00:00,1.26244,1.24865,1.25992,1.24865,1,1
677,2023-06-13 14:00:00,1.26244,1.24865,1.26244,1.24865,1,1
678,2023-06-14 06:00:00,1.26463,1.24865,1.26244,1.24865,2,1
679,2023-06-14 10:00:00,1.26921,1.24865,1.26244,1.24865,2,1
680,2023-06-14 14:00:00,1.26987,1.24865,1.26244,1.24865,2,1
681,2023-06-14 14:00:00,1.26987,1.24865,1.26987,1.24865,2,1
682,2023-06-14 18:00:00,1.26987,1.24865,1.26987,1.26263,2,1
683,2023-06-15 10:00:00,1.27223,1.26263,1.26987,1.26263,2,1
684,2023-06-15 14:00:00,1.27816,1.26263,1.26987,1.26263,2,1
685,2023-06-15 18:00:00,1.27854,1.26263,1.26987,1.26263,2,1
686,2023-06-15 22:00:00,1.27929,1.26263,1.26987,1.26263,2,1
687,2023-06-15 22:00:00,1.27929,1.26263,1.27929,1.26263,2,1
688,2023-06-16 02:00:00,1.27929,1.26263,1.27929,1.27678,2,1
689,2023-06-16 06:00:00,1.28177,1.27678,1.27929,1.27678,2,1
690,2023-06-16 10:00:00,1.28481,1.27678,1.27929,1.27678,2,-1
691,2023-06-16 10:00:00,1.28481,1.27678,1.28481,1.27678,2,-1
692,2023-06-19 14:00:00,1.28481,1.27678,1.28481,1.27702,2,-1
693,2023-06-19 22:00:00,1.28481,1.27678,1.28073,1.27702,2,-1
694,2023-06-20 06:00:00,1.28073,1.2762,1.28073,1.27702,-2,-1
695,2023-06-20 10:00:00,1.28073,1.27235,1.28073,1.27702,-2,-1
696,2023-06-20 14:00:00,1.28073,1.27132,1.28073,1.27702,-2,-1
697,2023-06-20 14:00:00,1.28073,1.27132,1.28073,1.27132,-2,-1
698,2023-06-21 06:00:00,1.28017,1.26998,1.28073,1.27132,1,-1
699,2023-06-21 06:00:00,1.28017,1.26998,1.28017,1.27132,1,-1
700,2023-06-21 10:00:00,1.28017,1.26908,1.28017,1.27132,1,1
701,2023-06-21 10:00:00,1.28017,1.26908,1.28017,1.26908,1,1
702,2023-06-21 18:00:00,1.28017,1.26908,1.27852,1.26908,1,1
703,2023-06-22 10:00:00,1.28397,1.26908,1.27852,1.26908,-1,-1
704,2023-06-22 10:00:00,1.28397,1.26908,1.28397,1.26908,-1,-1
705,2023-06-22 14:00:00,1.28397,1.26908,1.28397,1.27252,-1,-1
706,2023-06-23 06:00:00,1.28397,1.26851,1.28397,1.27252,1,-1
707,2023-06-23 06:00:00,1.28397,1.26851,1.28397,1.26851,1,-1
708,2023-06-23 10:00:00,1.28397,1.26851,1.27362,1.26851,1,-1
709,2023-06-26 06:00:00,1.28397,1.26851,1.27484,1.26851,1,-1
710,2023-06-26 10:00:00,1.28397,1.26851,1.27484,1.26877,1,-1
711,2023-06-27 06:00:00,1.28397,1.26851,1.27579,1.26877,1,-1
712,2023-06-27 14:00:00,1.28397,1.26851,1.27592,1.26877,1,-1
713,2023-06-28 10:00:00,1.27592,1.2622,1.27592,1.26877,-1,-1
714,2023-06-28 14:00:00,1.27592,1.26064,1.27592,1.26877,-1,-1
715,2023-06-28 14:00:00,1.27592,1.26064,1.27592,1.26064,-1,-1
716,2023-06-29 02:00:00,1.27592,1.26064,1.27592,1.26144,-1,-1
717,2023-06-29 10:00:00,1.26666,1.25908,1.27592,1.26144,1,1
718,2023-06-29 10:00:00,1.26666,1.25908,1.26666,1.26144,1,1
719,2023-06-30 06:00:00,1.26666,1.25908,1.26666,1.2599,1,1
720,2023-06-30 10:00:00,1.2709,1.2599,1.26666,1.2599,1,1
721,2023-06-30 14:00:00,1.27273,1.2599,1.26666,1.2599,1,1
722,2023-06-30 14:00:00,1.27273,1.2599,1.27273,1.2599,1,1
723,2023-07-03 02:00:00,1.27273,1.2599,1.27067,1.2599,1,1
724,2023-07-03 06:00:00,1.27273,1.2599,1.27067,1.26582,1,1
725,2023-07-03 14:00:00,1.27273,1.2599,1.27229,1.26582,1,1
726,2023-07-04 10:00:00,1.27392,1.26582,1.27229,1.26582,-1,1
727,2023-07-04 10:00:00,1.27392,1.26582,1.27392,1.26582,-1,1
728,2023-07-05 10:00:00,1.27392,1.26582,1.27353,1.26582,-1,1
729,2023-07-06 02:00:00,1.27392,1.26582,1.27353,1.26893,-1,1
730,2023-07-06 10:00:00,1.27805,1.26893,1.27353,1.26893,-1,-1
731,2023-07-06 10:00:00,1.27805,1.26893,1.27805,1.26893,-1,-1
732,2023-07-06 14:00:00,1.27805,1.26732,1.27805,1.26893,1,1
733,2023-07-06 14:00:00,1.27805,1.26732,1.27805,1.26732,1,1
734,2023-07-07 06:00:00,1.27805,1.26732,1.27805,1.27255,1,1
735,2023-07-07 10:00:00,1.28076,1.27255,1.27805,1.27255,2,1
736,2023-07-07 14:00:00,1.28491,1.27255,1.27805,1.27255,2,1
737,2023-07-07 14:00:00,1.28491,1.27255,1.28491,1.27255,2,1
738,2023-07-10 10:00:00,1.28491,1.27255,1.28491,1.27502,2,1
739,2023-07-10 14:00:00,1.28498,1.27502,1.28491,1.27502,1,1
740,2023-07-10 18:00:00,1.28681,1.27502,1.28491,1.27502,1,1
741,2023-07-10 22:00:00,1.28744,1.27502,1.28491,1.27502,1,1
742,2023-07-11 02:00:00,1.28869,1.27502,1.28491,1.27502,1,1
743,2023-07-11 06:00:00,1.29163,1.27502,1.28491,1.27502,1,1
744,2023-07-11 10:00:00,1.29347,1.27502,1.28491,1.27502,1,1
745,2023-07-11 10:00:00,1.29347,1.27502,1.29347,1.27502,1,1
746,2023-07-11 22:00:00,1.29646,1.27502,1.29347,1.27502,1,1
747,2023-07-12 02:00:00,1.29693,1.27502,1.29347,1.27502,1,1
748,2023-07-12 02:00:00,1.29693,1.27502,1.29693,1.27502,1,1
749,2023-07-12 10:00:00,1.29949,1.29038,1.29693,1.27502,1,1
750,2023-07-12 10:00:00,1.29949,1.29038,1.29693,1.29038,1,1
751,2023-07-12 14:00:00,1.30001,1.29038,1.29693,1.29038,1,1
752,2023-07-12 14:00:00,1.30001,1.29038,1.30001,1.29038,1,1
753,2023-07-12 22:00:00,1.30026,1.29038,1.30001,1.29038,1,1
754,2023-07-13 02:00:00,1.30186,1.29038,1.30001,1.29038,1,1
755,2023-07-13 06:00:00,1.30791,1.29828,1.30001,1.29038,1,1
756,2023-07-13 06:00:00,1.30791,1.29828,1.30001,1.29828,1,1
757,2023-07-13 10:00:00,1.31108,1.29828,1.30001,1.29828,1,1
758,2023-07-13 14:00:00,1.3123,1.29828,1.30001,1.29828,1,1
759,2023-07-13 18:00:00,1.31406,1.29828,1.30001,1.29828,1,1
760,2023-07-13 18:00:00,1.31406,1.29828,1.31406,1.29828,1,1
761,2023-07-14 02:00:00,1.31418,1.29828,1.31406,1.29828,-1,1
762,2023-07-14 06:00:00,1.31421,1.30932,1.31406,1.29828,-1,-1
763,2023-07-14 06:00:00,1.31421,1.30932,1.31421,1.29828,-1,-1
764,2023-07-14 18:00:00,1.31421,1.30859,1.31421,1.29828,-1,-1
765,2023-07-14 18:00:00,1.31421,1.30859,1.31421,1.30859,-1,-1
766,2023-07-16 18:00:00,1.31421,1.30827,1.31421,1.30859,-1,-1
767,2023-07-16 22:00:00,1.31421,1.30825,1.31421,1.30859,-1,-1
768,2023-07-17 02:00:00,1.31421,1.30814,1.31421,1.30859,-1,-1
769,2023-07-17 06:00:00,1.31089,1.30647,1.31421,1.30859,-1,-1
770,2023-07-17 06:00:00,1.31089,1.30647,1.31089,1.30859,-1,-1
771,2023-07-17 10:00:00,1.31089,1.30506,1.31089,1.30859,-1,1
772,2023-07-17 10:00:00,1.31089,1.30506,1.31089,1.30506,-1,1
773,2023-07-17 22:00:00,1.31089,1.30506,1.31089,1.30674,-1,1
774,2023-07-18 10:00:00,1.31255,1.30627,1.31089,1.30674,-1,-1
775,2023-07-18 10:00:00,1.31255,1.30627,1.31255,1.30674,-1,-1
776,2023-07-18 14:00:00,1.31255,1.30278,1.31255,1.30674,-1,-1
777,2023-07-18 14:00:00,1.31255,1.30278,1.31255,1.30278,-1,-1
778,2023-07-18 22:00:00,1.31255,1.3025,1.31255,1.30278,-1,-1
779,2023-07-19 02:00:00,1.31255,1.30125,1.31255,1.30278,-1,-1
780,2023-07-19 06:00:00,1.31255,1.29228,1.31255,1.30278,-1,-1
781,2023-07-19 10:00:00,1.31255,1.28896,1.31255,1.30278,-1,-1
782,2023-07-19 14:00:00,1.31255,1.28674,1.31255,1.30278,-1,-1
783,2023-07-19 14:00:00,1.31255,1.28674,1.31255,1.28674,-1,-1
784,2023-07-19 22:00:00,1.31255,1.28674,1.29643,1.28674,-1,-1
785,2023-07-20 10:00:00,1.29643,1.28542,1.29643,1.28674,-1,-1
786,2023-07-20 14:00:00,1.29643,1.28395,1.29643,1.28674,-1,-1
787,2023-07-20 14:00:00,1.29643,1.28395,1.29643,1.28395,-1,-1
788,2023-07-21 06:00:00,1.29643,1.28395,1.29038,1.28395,-1,-1
789,2023-07-21 10:00:00,1.29038,1.28156,1.29038,1.28395,1,-1
790,2023-07-21 10:00:00,1.29038,1.28156,1.29038,1.28156,1,-1
791,2023-07-24 06:00:00,1.28834,1.28069,1.29038,1.28156,1,-1
792,2023-07-24 06:00:00,1.28834,1.28069,1.28834,1.28156,1,-1
793,2023-07-24 14:00:00,1.28834,1.27976,1.28834,1.28156,1,1
794,2023-07-24 14:00:00,1.28834,1.27976,1.28834,1.27976,1,1
795,2023-07-25 06:00:00,1.28834,1.27976,1.28643,1.27976,1,1
796,2023-07-25 10:00:00,1.28834,1.27976,1.28643,1.28119,1,1
797,2023-07-25 18:00:00,1.29044,1.28119,1.28643,1.28119,1,1
798,2023-07-25 18:00:00,1.29044,1.28119,1.29044,1.28119,1,1
799,2023-07-26 06:00:00,1.29143,1.28119,1.29044,1.28119,2,1
800,2023-07-26 10:00:00,1.29242,1.28119,1.29044,1.28119,2,1
801,2023-07-26 14:00:00,1.29363,1.28119,1.29044,1.28119,2,1
802,2023-07-26 18:00:00,1.296,1.28955,1.29044,1.28119,2,1
803,2023-07-26 18:00:00,1.296,1.28955,1.296,1.28119,2,1
804,2023-07-27 02:00:00,1.29767,1.28119,1.296,1.28119,1,1
805,2023-07-27 06:00:00,1.29953,1.28119,1.296,1.28119,1,-1
806,2023-07-27 06:00:00,1.29953,1.28119,1.29953,1.28119,1,-1
807,2023-07-27 18:00:00,1.29953,1.27814,1.29953,1.28119,-1,-1
808,2023-07-27 18:00:00,1.29953,1.27814,1.29953,1.27814,-1,-1
809,2023-07-28 02:00:00,1.29953,1.27626,1.29953,1.27814,1,-1
810,2023-07-28 02:00:00,1.29953,1.27626,1.29953,1.27626,1,-1
811,2023-07-28 10:00:00,1.29953,1.27626,1.28875,1.27626,1,-1
812,2023-07-31 10:00:00,1.29953,1.27626,1.28724,1.27626,1,-1
813,2023-08-01 10:00:00,1.28724,1.27557,1.28724,1.27626,-1,-1
814,2023-08-01 14:00:00,1.28724,1.27407,1.28724,1.27626,-1,-1
815,2023-08-01 14:00:00,1.28724,1.27407,1.28724,1.27407,-1,-1
816,2023-08-01 22:00:00,1.28724,1.27407,1.28049,1.27407,-1,-1
817,2023-08-02 10:00:00,1.28049,1.26977,1.28049,1.27407,-1,-1
818,2023-08-02 14:00:00,1.28049,1.26802,1.28049,1.27407,-1,-1
819,2023-08-02 14:00:00,1.28049,1.26802,1.28049,1.26802,-1,-1
820,2023-08-03 06:00:00,1.28049,1.26594,1.28049,1.26802,-2,-1
821,2023-08-03 10:00:00,1.28049,1.26202,1.28049,1.26802,-2,1
822,2023-08-03 10:00:00,1.28049,1.26202,1.28049,1.26202,-2,1
823,2023-08-03 14:00:00,1.28049,1.26202,1.2724,1.26202,-2,1
824,2023-08-04 02:00:00,1.28049,1.26202,1.2741,1.26202,-2,1
825,2023-08-04 10:00:00,1.28049,1.26202,1.2741,1.26857,-2,1
826,2023-08-04 14:00:00,1.28049,1.26202,1.27918,1.26857,-2,1
827,2023-08-07 06:00:00,1.28049,1.26202,1.27918,1.27127,-2,1
828,2023-08-07 10:00:00,1.28049,1.26202,1.27866,1.27127,-2,1
829,2023-08-07 18:00:00,1.28049,1.26202,1.27888,1.27127,-2,1
830,2023-08-08 10:00:00,1.28049,1.26202,1.27888,1.26838,-2,1
831,2023-08-09 06:00:00,1.28049,1.26202,1.27819,1.26838,-2,1
832,2023-08-09 14:00:00,1.28049,1.26202,1.27819,1.27116,-2,1
833,2023-08-09 22:00:00,1.28049,1.26202,1.27819,1.27073,-2,1
834,2023-08-10 10:00:00,1.28185,1.27073,1.27819,1.27073,-1,-1
835,2023-08-10 10:00:00,1.28185,1.27073,1.28185,1.27073,-1,-1
836,2023-08-10 14:00:00,1.28185,1.26692,1.28185,1.27073,-1,-1
837,2023-08-10 14:00:00,1.28185,1.26692,1.28185,1.26692,-1,-1
838,2023-08-10 22:00:00,1.28185,1.26655,1.28185,1.26692,1,-1
839,2023-08-10 22:00:00,1.28185,1.26655,1.28185,1.26655,1,-1
840,2023-08-11 10:00:00,1.28185,1.26655,1.27382,1.26655,1,-1
841,2023-08-14 02:00:00,1.28185,1.26655,1.27382,1.26662,1,-1
842,2023-08-14 10:00:00,1.27146,1.26163,1.27382,1.26662,1,1
843,2023-08-14 10:00:00,1.27146,1.26163,1.27146,1.26662,1,1
844,2023-08-15 06:00:00,1.273,1.26662,1.27146,1.26662,1,1
845,2023-08-15 10:00:00,1.274,1.26662,1.27146,1.26662,1,1
846,2023-08-15 14:00:00,1.27521,1.26662,1.27146,1.26662,1,1
847,2023-08-15 14:00:00,1.27521,1.26662,1.27521,1.26662,1,1
848,2023-08-15 22:00:00,1.27521,1.26662,1.27521,1.26866,1,1
849,2023-08-16 06:00:00,1.27661,1.26866,1.27521,1.26866,-1,1
850,2023-08-16 06:00:00,1.27661,1.26866,1.27661,1.26866,-1,1
851,2023-08-16 22:00:00,1.27661,1.26866,1.27661,1.27109,-1,1
852,2023-08-17 06:00:00,1.27661,1.26866,1.27661,1.27023,-1,1
853,2023-08-17 10:00:00,1.27871,1.27023,1.27661,1.27023,-1,-1
854,2023-08-17 10:00:00,1.27871,1.27023,1.27871,1.27023,-1,-1
855,2023-08-18 02:00:00,1.27871,1.27023,1.27655,1.27023,-1,-1
856,2023-08-18 10:00:00,1.27655,1.26889,1.27655,1.27023,1,1
857,2023-08-18 10:00:00,1.27655,1.26889,1.27655,1.26889,1,1
858,2023-08-18 14:00:00,1.27655,1.26889,1.27558,1.26889,1,1
859,2023-08-21 06:00:00,1.27655,1.26889,1.27558,1.271,1,1
860,2023-08-21 10:00:00,1.27655,1.26889,1.27647,1.271,1,1
861,2023-08-21 18:00:00,1.27665,1.271,1.27647,1.271,1,1
862,2023-08-21 22:00:00,1.27732,1.271,1.27647,1.271,1,1
863,2023-08-22 02:00:00,1.27775,1.271,1.27647,1.271,1,1
864,2023-08-22 06:00:00,1.28001,1.271,1.27647,1.271,1,-1
865,2023-08-22 06:00:00,1.28001,1.271,1.28001,1.271,1,-1
866,2023-08-22 10:00:00,1.28001,1.271,1.28001,1.27182,1,-1
867,2023-08-23 06:00:00,1.27644,1.26383,1.28001,1.27182,-1,-1
868,2023-08-23 06:00:00,1.27644,1.26383,1.27644,1.27182,-1,-1
869,2023-08-23 10:00:00,1.27644,1.26143,1.27644,1.27182,-1,-1
870,2023-08-23 10:00:00,1.27644,1.26143,1.27644,1.26143,-1,-1
871,2023-08-24 14:00:00,1.27644,1.26048,1.27644,1.26143,-2,-1
872,2023-08-24 18:00:00,1.27644,1.25906,1.27644,1.26143,-2,-1
873,2023-08-24 22:00:00,1.27644,1.25793,1.27644,1.26143,-2,-1
874,2023-08-25 02:00:00,1.27644,1.25596,1.27644,1.26143,-2,-1
875,2023-08-25 02:00:00,1.27644,1.25596,1.27644,1.25596,-2,-1
876,2023-08-25 14:00:00,1.26539,1.25476,1.27644,1.25596,1,1
877,2023-08-25 14:00:00,1.26539,1.25476,1.26539,1.25596,1,1
878,2023-08-28 06:00:00,1.26539,1.25476,1.26105,1.25596,1,1
879,2023-08-29 06:00:00,1.26539,1.25476,1.26354,1.25596,1,1
880,2023-08-29 10:00:00,1.26539,1.25476,1.26354,1.25624,1,1
881,2023-08-29 18:00:00,1.26547,1.25624,1.26354,1.25624,-1,1
882,2023-08-29 18:00:00,1.26547,1.25624,1.26547,1.25624,-1,1
883,2023-08-30 02:00:00,1.26547,1.25624,1.26547,1.26184,-1,1
884,2023-08-30 06:00:00,1.26696,1.26184,1.26547,1.26184,2,1
885,2023-08-30 10:00:00,1.27414,1.26184,1.26547,1.26184,2,1
886,2023-08-30 14:00:00,1.2746,1.26184,1.26547,1.26184,2,-1
887,2023-08-30 14:00:00,1.2746,1.26184,1.2746,1.26184,2,-1
888,2023-08-31 14:00:00,1.2746,1.26184,1.2746,1.26522,2,-1
889,2023-08-31 22:00:00,1.2746,1.26184,1.26832,1.26522,2,-1
890,2023-09-01 06:00:00,1.2746,1.26184,1.26832,1.26399,2,-1
891,2023-09-01 10:00:00,1.2746,1.26184,1.27127,1.26399,2,-1
892,2023-09-01 14:00:00,1.27127,1.2577,1.27127,1.26399,-1,-1
893,2023-09-01 14:00:00,1.27127,1.2577,1.27127,1.2577,-1,-1
894,2023-09-04 10:00:00,1.27127,1.2577,1.26423,1.2577,-1,-1
895,2023-09-05 06:00:00,1.26423,1.25276,1.26423,1.2577,-1,-1
896,2023-09-05 06:00:00,1.26423,1.25276,1.26423,1.25276,-1,-1
897,2023-09-06 02:00:00,1.26423,1.25276,1.25876,1.25276,-1,-1
898,2023-09-06 10:00:00,1.25876,1.25208,1.25876,1.25276,-1,-1
899,2023-09-06 14:00:00,1.25876,1.24815,1.25876,1.25276,-1,-1
900,2023-09-06 14:00:00,1.25876,1.24815,1.25876,1.24815,-1,-1
901,2023-09-07 06:00:00,1.25079,1.24572,1.25876,1.24815,-2,-1
902,2023-09-07 06:00:00,1.25079,1.24572,1.25079,1.24815,-2,-1
903,2023-09-07 10:00:00,1.25079,1.24455,1.25079,1.24815,-2,1
904,2023-09-07 10:00:00,1.25079,1.24455,1.25079,1.24455,-2,1
905,2023-09-08 06:00:00,1.25097,1.24455,1.25079,1.24455,-1,1
906,2023-09-08 06:00:00,1.25097,1.24455,1.25097,1.24455,-1,1
907,2023-09-08 14:00:00,1.2514,1.24455,1.25097,1.24455,-1,1
908,2023-09-08 14:00:00,1.2514,1.24455,1.2514,1.24455,-1,1
909,2023-09-08 18:00:00,1.2514,1.24455,1.2514,1.24508,-1,1
910,2023-09-11 02:00:00,1.2527,1.24508,1.2514,1.24508,1,1
911,2023-09-11 06:00:00,1.2537,1.24508,1.2514,1.24508,1,1
912,2023-09-11 10:00:00,1.25433,1.24508,1.2514,1.24508,1,1
913,2023-09-11 14:00:00,1.25477,1.24508,1.2514,1.24508,1,-1
914,2023-09-11 14:00:00,1.25477,1.24508,1.25477,1.24508,1,-1
915,2023-09-11 22:00:00,1.25477,1.24508,1.25477,1.25007,1,-1
916,2023-09-12 06:00:00,1.25477,1.24508,1.25298,1.25007,1,-1
917,2023-09-12 10:00:00,1.25477,1.24508,1.25298,1.24592,1,-1
918,2023-09-12 22:00:00,1.25477,1.24508,1.2502,1.24592,1,-1
919,2023-09-13 06:00:00,1.2502,1.2441,1.2502,1.24592,1,1
920,2023-09-13 10:00:00,1.25114,1.24339,1.2502,1.24592,1,-1
921,2023-09-13 10:00:00,1.25114,1.24339,1.25114,1.24592,1,-1
922,2023-09-14 02:00:00,1.25114,1.24339,1.25058,1.24592,1,-1
923,2023-09-14 10:00:00,1.25058,1.24138,1.25058,1.24592,-2,-1
924,2023-09-14 14:00:00,1.25058,1.2396,1.25058,1.24592,-2,-1
925,2023-09-14 14:00:00,1.25058,1.2396,1.25058,1.2396,-2,-1
926,2023-09-15 10:00:00,1.25058,1.23886,1.25058,1.2396,-1,-1
927,2023-09-15 14:00:00,1.25058,1.23847,1.25058,1.2396,-1,-1
928,2023-09-15 18:00:00,1.25058,1.23765,1.25058,1.2396,-1,
