Datetime,H4_high,H4_low,Last_Fractal_High,Last_Fractal_Low,Directional_bias,Bar_High,Bar_Low,result
2022-07-06 10:00:00,1.02272,1.02123,0,0,0,1.02272,1.02123,-1
2022-07-06 14:00:00,1.02272,1.01679,1.02272,1.02123,0,1.01875,1.01679,-1
2022-07-06 18:00:00,1.02272,1.01679,1.01986,1.02123,0,1.01986,1.01733,-1
2022-07-06 22:00:00,1.02272,1.01679,1.01879,1.02123,0,1.01879,1.01792,-1
2022-07-07 18:00:00,1.01879,1.01558,1.01879,1.02123,-1,1.01607,1.01558,-1
2022-07-07 22:00:00,1.01879,1.01558,1.0167,1.02123,-1,1.0167,1.0161,-1
2022-07-08 06:00:00,1.0167,1.01523,1.0167,1.02123,-1,1.01627,1.01523,-1
2022-07-08 10:00:00,1.0167,1.01181,1.0167,1.02123,1,1.01309,1.01181,1
2022-07-08 14:00:00,1.01689,1.01356,1.0167,1.02123,1,1.01689,1.01356,1
2022-07-08 18:00:00,1.01704,1.01652,1.0167,1.02123,1,1.01704,1.01652,1
2022-07-10 22:00:00,1.0183,1.01711,1.0167,1.02123,1,1.0183,1.01711,-1
2022-07-10 22:00:00,1.0183,1.01711,1.0167,1.01711,1,1.0183,1.01711,-1
2022-07-11 02:00:00,1.0167,1.0139,1.0167,1.01711,-2,1.01452,1.0139,-1
2022-07-11 06:00:00,1.0167,1.01366,1.0167,1.01711,-2,1.01437,1.01366,-1
2022-07-11 10:00:00,1.0167,1.00957,1.0167,1.01711,-2,1.01043,1.00957,-1
2022-07-11 10:00:00,1.0167,1.00957,1.0167,1.00957,-2,1.01043,1.00957,-1
2022-07-11 14:00:00,1.0167,1.00635,1.0167,1.00957,-2,1.0081,1.00635,-1
2022-07-11 18:00:00,1.0167,1.0061,1.0167,1.00957,-2,1.0073,1.0061,-1
2022-07-11 18:00:00,1.0167,1.0061,1.0167,1.0061,-2,1.0073,1.0061,-1
2022-07-11 22:00:00,1.0167,1.00375,1.0167,1.0061,-2,1.00455,1.00375,-1
2022-07-12 02:00:00,1.0167,1.00215,1.0167,1.0061,-2,1.00305,1.00215,-1
2022-07-12 06:00:00,1.0167,1.00089,1.0167,1.0061,-2,1.00261,1.00089,-1
2022-07-12 10:00:00,1.0167,1.00089,1.00272,1.0061,-2,1.00272,1.00114,-1
2022-07-12 18:00:00,1.0167,1.00089,1.00621,1.0061,-2,1.00621,1.00517,-1
2022-07-12 22:00:00,1.0167,1.00089,1.0038,1.0061,-2,1.0038,1.00275,-1
2022-07-13 06:00:00,1.0167,1.00089,1.00503,1.0061,-2,1.00503,1.00298,-1
2022-07-13 18:00:00,1.0167,1.00089,1.00503,1.00601,-2,1.0081,1.00601,-1
2022-07-14 06:00:00,1.0167,1.00089,1.00503,1.00093,-2,1.00252,1.00093,-1
2022-07-14 14:00:00,1.00503,0.99598,1.00503,1.00093,1,0.99804,0.99598,1
2022-07-15 10:00:00,1.00503,0.99598,1.00503,1.00364,1,1.00436,1.00364,1
2022-07-15 14:00:00,1.00763,1.00364,1.00503,1.00364,2,1.00763,1.00484,1
2022-07-15 18:00:00,1.00784,1.00364,1.00503,1.00364,1,1.00784,1.00749,1
2022-07-17 22:00:00,1.00886,1.00364,1.00503,1.00364,1,1.00886,1.00795,1
2022-07-17 22:00:00,1.00886,1.00364,1.00886,1.00364,1,1.00886,1.00795,1
2022-07-18 02:00:00,1.01143,1.00364,1.00886,1.00364,2,1.01143,1.01064,1
2022-07-18 02:00:00,1.01143,1.00364,1.01143,1.00364,2,1.01143,1.01064,1
2022-07-18 10:00:00,1.01614,1.00364,1.01143,1.00364,1,1.01614,1.01521,1
2022-07-18 14:00:00,1.01707,1.00364,1.01143,1.00364,1,1.01707,1.01549,1
2022-07-18 18:00:00,1.01707,1.00364,1.01143,1.01505,1,1.01565,1.01505,1
2022-07-18 22:00:00,1.01707,1.00364,1.01485,1.01505,1,1.01485,1.01437,1
2022-07-19 10:00:00,1.0269,1.01505,1.01485,1.01505,1,1.0269,1.02414,-1
2022-07-19 10:00:00,1.0269,1.01505,1.0269,1.01505,1,1.0269,1.02414,-1
2022-07-19 14:00:00,1.0269,1.01505,1.02646,1.01505,1,1.02646,1.023,-1
2022-07-20 02:00:00,1.0269,1.01505,1.02646,1.02312,1,1.02364,1.02312,-1
2022-07-20 22:00:00,1.0269,1.01505,1.02646,1.01779,1,1.01872,1.01779,-1
2022-07-21 06:00:00,1.0269,1.01505,1.02304,1.01779,1,1.02304,1.02188,-1
2022-07-22 06:00:00,1.0269,1.01505,1.02304,1.01826,1,1.01933,1.01826,-1
2022-07-22 10:00:00,1.02304,1.0148,1.02304,1.01826,1,1.01598,1.0148,1
2022-07-22 14:00:00,1.0249,1.01826,1.02304,1.01826,-1,1.0249,1.02266,1
2022-07-22 18:00:00,1.0249,1.01826,1.02286,1.01826,-1,1.02286,1.02037,1
2022-07-24 22:00:00,1.0249,1.01826,1.02286,1.02085,-1,1.02175,1.02085,1
2022-07-25 06:00:00,1.0249,1.01826,1.02045,1.02085,-1,1.02045,1.01958,1
2022-07-25 14:00:00,1.02514,1.02085,1.02045,1.02085,-1,1.02514,1.02412,-1
2022-07-25 14:00:00,1.02514,1.02085,1.02514,1.02085,-1,1.02514,1.02412,-1
2022-07-26 10:00:00,1.02514,1.01523,1.02514,1.02085,-2,1.01781,1.01523,-1
2022-07-26 14:00:00,1.02514,1.0122,1.02514,1.02085,-2,1.01506,1.0122,-1
2022-07-26 14:00:00,1.02514,1.0122,1.01506,1.02085,-2,1.01506,1.0122,-1
2022-07-26 18:00:00,1.01506,1.0117,1.01506,1.02085,1,1.01298,1.0117,1
2022-07-26 18:00:00,1.01506,1.0117,1.01298,1.02085,1,1.01298,1.0117,1
2022-07-27 06:00:00,1.01587,1.01409,1.01298,1.02085,-1,1.01587,1.01409,-1
2022-07-27 06:00:00,1.01587,1.01409,1.01587,1.02085,-1,1.01587,1.01409,-1
2022-07-27 10:00:00,1.01587,1.01382,1.01587,1.02085,-1,1.01441,1.01382,-1
2022-07-27 10:00:00,1.01587,1.01382,1.01587,1.01382,-1,1.01441,1.01382,-1
2022-07-27 14:00:00,1.01587,1.01228,1.01587,1.01382,1,1.01403,1.01228,-1
2022-07-27 18:00:00,1.01587,1.01213,1.01587,1.01382,1,1.01538,1.01213,1
2022-07-27 22:00:00,1.02027,1.01382,1.01587,1.01382,2,1.02027,1.0195,1
2022-07-27 22:00:00,1.02027,1.01382,1.02027,1.01382,2,1.02027,1.0195,1
2022-07-28 02:00:00,1.02067,1.01382,1.02027,1.01382,-1,1.02067,1.01959,1
2022-07-28 02:00:00,1.02067,1.01382,1.02027,1.01959,-1,1.02067,1.01959,1
2022-07-28 06:00:00,1.0228,1.01959,1.02027,1.01959,-1,1.0228,1.02169,-1
2022-07-28 10:00:00,1.02027,1.01496,1.02027,1.01959,-1,1.01656,1.01496,-1
2022-07-28 14:00:00,1.02027,1.01388,1.02027,1.01959,1,1.01564,1.01388,1
2022-07-29 06:00:00,1.02256,1.01959,1.02027,1.01959,1,1.02256,1.02096,-1
2022-07-29 06:00:00,1.02256,1.01959,1.02027,1.02096,1,1.02256,1.02096,-1
2022-07-29 14:00:00,1.02027,1.01525,1.02027,1.02096,1,1.01726,1.01525,1
2022-07-29 18:00:00,1.02135,1.02073,1.02027,1.02096,2,1.02135,1.02073,1
2022-07-31 22:00:00,1.0224,1.02096,1.02027,1.02096,2,1.0224,1.02123,1
2022-07-31 22:00:00,1.0224,1.02096,1.0224,1.02096,2,1.0224,1.02123,1
2022-08-01 02:00:00,1.02374,1.02096,1.0224,1.02096,2,1.02374,1.02315,1
2022-08-01 10:00:00,1.02673,1.02096,1.0224,1.02096,2,1.02673,1.02565,1
2022-08-01 14:00:00,1.02673,1.02096,1.0224,1.02333,2,1.02657,1.02333,1
2022-08-01 18:00:00,1.02673,1.02096,1.02621,1.02333,2,1.02621,1.02546,1
2022-08-01 22:00:00,1.02673,1.02096,1.02621,1.0258,2,1.0261,1.0258,1
2022-08-02 02:00:00,1.02717,1.0258,1.02621,1.0258,2,1.02717,1.02609,-1
2022-08-02 02:00:00,1.02717,1.0258,1.02621,1.02609,2,1.02717,1.02609,-1
2022-08-02 06:00:00,1.02675,1.02576,1.02621,1.02609,-1,1.02675,1.02576,-1
2022-08-02 10:00:00,1.02621,1.023,1.02621,1.02609,-1,1.02391,1.023,-1
2022-08-02 10:00:00,1.02621,1.023,1.02621,1.023,-1,1.02391,1.023,-1
2022-08-02 14:00:00,1.02621,1.0181,1.02621,1.023,-2,1.02091,1.0181,-1
2022-08-02 14:00:00,1.02621,1.0181,1.02621,1.0181,-2,1.02091,1.0181,-1
2022-08-02 18:00:00,1.02621,1.0176,1.02621,1.0181,-2,1.01843,1.0176,-1
2022-08-02 22:00:00,1.02621,1.0163,1.02621,1.0181,-2,1.01713,1.0163,-1
2022-08-02 22:00:00,1.02621,1.0163,1.02621,1.0163,-2,1.01713,1.0163,-1
2022-08-03 10:00:00,1.02621,1.0163,1.02002,1.0163,-2,1.02002,1.01862,-1
2022-08-03 14:00:00,1.02002,1.01352,1.02002,1.0163,1,1.01696,1.01352,1
2022-08-03 22:00:00,1.02002,1.01352,1.01707,1.0163,1,1.01707,1.0156,1
2022-08-04 14:00:00,1.0202,1.0163,1.01707,1.0163,1,1.0202,1.0186,1
2022-08-04 14:00:00,1.0202,1.0163,1.0202,1.0163,1,1.0202,1.0186,1
2022-08-04 18:00:00,1.02439,1.0163,1.0202,1.0163,1,1.02439,1.02363,1
2022-08-04 22:00:00,1.02478,1.0163,1.0202,1.0163,-1,1.02478,1.02427,1
2022-08-04 22:00:00,1.02478,1.0163,1.0202,1.02427,-1,1.02478,1.02427,1
2022-08-05 02:00:00,1.02478,1.0163,1.0202,1.02294,-1,1.02346,1.02294,1
2022-08-05 18:00:00,1.02478,1.0163,1.0202,1.0172,-1,1.01833,1.0172,1
2022-08-08 18:00:00,1.02478,1.0163,1.02054,1.0172,-1,1.02054,1.01925,1
2022-08-09 18:00:00,1.02478,1.0163,1.02171,1.0172,-1,1.02171,1.02141,1
2022-08-09 22:00:00,1.02478,1.0163,1.02171,1.02108,-1,1.02135,1.02108,1
2022-08-10 14:00:00,1.03385,1.02108,1.02171,1.02108,-1,1.03385,1.03178,1
2022-08-10 22:00:00,1.03385,1.02108,1.03046,1.02108,-1,1.03046,1.02992,1
2022-08-11 10:00:00,1.03394,1.02108,1.03046,1.02108,-1,1.03394,1.03323,1
2022-08-11 14:00:00,1.0361,1.02108,1.03046,1.02108,-1,1.0361,1.03442,-1
2022-08-12 10:00:00,1.0361,1.02108,1.03046,1.02871,-1,1.02987,1.02871,-1
2022-08-12 18:00:00,1.0361,1.02108,1.03046,1.02595,-1,1.02663,1.02595,-1
2022-08-15 10:00:00,1.03046,1.01985,1.03046,1.02595,-2,1.02069,1.01985,-1
2022-08-15 10:00:00,1.03046,1.01985,1.02069,1.02595,-2,1.02069,1.01985,-1
2022-08-15 14:00:00,1.02069,1.01904,1.02069,1.02595,-2,1.02007,1.01904,-1
2022-08-15 18:00:00,1.02069,1.01556,1.02069,1.02595,-2,1.01652,1.01556,-1
2022-08-16 06:00:00,1.02069,1.01556,1.01687,1.02595,-2,1.01687,1.01617,-1
2022-08-16 10:00:00,1.01687,1.01332,1.01687,1.02595,-2,1.01422,1.01332,1
2022-08-16 10:00:00,1.01687,1.01332,1.01422,1.02595,-2,1.01422,1.01332,1
2022-08-16 14:00:00,1.01763,1.0165,1.01422,1.02595,1,1.01763,1.0165,1
2022-08-16 18:00:00,1.01798,1.01734,1.01422,1.02595,1,1.01798,1.01734,-1
2022-08-16 22:00:00,1.01704,1.01674,1.01422,1.02595,1,1.01704,1.01674,1
2022-08-17 02:00:00,1.01792,1.01711,1.01422,1.02595,1,1.01792,1.01711,1
2022-08-17 02:00:00,1.01792,1.01711,1.01792,1.02595,1,1.01792,1.01711,1
2022-08-17 06:00:00,1.01864,1.01714,1.01792,1.02595,-1,1.01864,1.01714,1
2022-08-17 06:00:00,1.01864,1.01714,1.01864,1.02595,-1,1.01864,1.01714,1
2022-08-17 14:00:00,1.01984,1.01665,1.01864,1.02595,1,1.01984,1.01665,-1
2022-08-17 14:00:00,1.01984,1.01665,1.01984,1.02595,1,1.01984,1.01665,-1
2022-08-18 06:00:00,1.01984,1.016,1.01984,1.02595,1,1.0167,1.016,-1
2022-08-18 10:00:00,1.01984,1.016,1.01815,1.02595,1,1.01815,1.01654,-1
2022-08-18 14:00:00,1.01815,1.01116,1.01815,1.02595,1,1.01282,1.01116,-1
2022-08-18 14:00:00,1.01815,1.01116,1.01815,1.01116,1,1.01282,1.01116,-1
2022-08-18 18:00:00,1.01815,1.00806,1.01815,1.01116,-2,1.00835,1.00806,-1
2022-08-18 22:00:00,1.01815,1.00806,1.01815,1.00861,-2,1.009,1.00861,-1
2022-08-19 02:00:00,1.01815,1.00739,1.01815,1.00861,-2,1.00836,1.00739,-1
2022-08-19 10:00:00,1.01815,1.00546,1.01815,1.00861,-2,1.00729,1.00546,-1
2022-08-19 10:00:00,1.01815,1.00546,1.01815,1.00546,-2,1.00729,1.00546,-1
2022-08-19 14:00:00,1.01815,1.00423,1.01815,1.00546,-2,1.00546,1.00423,-1
2022-08-19 18:00:00,1.01815,1.00351,1.01815,1.00546,-2,1.00429,1.00351,-1
2022-08-21 22:00:00,1.01815,1.00309,1.01815,1.00546,-1,1.00396,1.00309,-1
2022-08-21 22:00:00,1.01815,1.00309,1.01815,1.00309,-1,1.00396,1.00309,-1
2022-08-22 02:00:00,1.00308,1.0025,1.01815,1.00309,-2,1.00308,1.0025,1
2022-08-22 02:00:00,1.00308,1.0025,1.01815,1.0025,-2,1.00308,1.0025,1
2022-08-22 06:00:00,1.0033,1.0025,1.01815,1.0025,-1,1.0033,1.00266,-1
2022-08-22 10:00:00,1.01815,1.00051,1.01815,1.0025,-2,1.00181,1.00051,-1
2022-08-22 10:00:00,1.01815,1.00051,1.00181,1.0025,-2,1.00181,1.00051,-1
2022-08-22 14:00:00,1.00181,0.99671,1.00181,1.0025,-2,0.99756,0.99671,-1
2022-08-22 18:00:00,1.00181,0.99267,1.00181,1.0025,-1,0.9933,0.99267,-1
2022-08-22 18:00:00,1.00181,0.99267,1.00181,0.99267,-1,0.9933,0.99267,-1
2022-08-22 22:00:00,1.00181,0.99267,1.00181,0.994,-1,0.99434,0.994,-1
2022-08-23 02:00:00,1.00181,0.99267,1.00181,0.99354,-1,0.99422,0.99354,-1
2022-08-23 06:00:00,1.00181,0.99154,1.00181,0.99354,1,0.99226,0.99154,-1
2022-08-23 10:00:00,1.00181,0.99154,0.99326,0.99354,1,0.99326,0.99191,-1
2022-08-23 14:00:00,1.00181,0.99154,1.00181,0.99354,1,1.00181,0.99957,-1
2022-08-23 22:00:00,1.00181,0.99154,0.99717,0.99354,1,0.99717,0.99676,-1
2022-08-24 02:00:00,1.00181,0.99154,0.99548,0.99354,1,0.99548,0.99487,-1
2022-08-24 06:00:00,1.00181,0.99154,0.99548,0.99347,1,0.9943,0.99347,-1
2022-08-24 14:00:00,0.99225,0.99099,0.99548,0.99347,1,0.99225,0.99099,1
2022-08-24 14:00:00,0.99225,0.99099,0.99548,0.99099,1,0.99225,0.99099,1
2022-08-24 18:00:00,0.9965,0.99099,0.99548,0.99099,2,0.9965,0.9959,1
2022-08-24 22:00:00,0.99709,0.99099,0.99548,0.99099,2,0.99709,0.99671,1
2022-08-24 22:00:00,0.99709,0.99099,0.99709,0.99099,2,0.99709,0.99671,1
2022-08-25 02:00:00,0.99853,0.99099,0.99709,0.99099,2,0.99853,0.99818,1
2022-08-25 06:00:00,1.00004,0.99099,0.99709,0.99099,2,1.00004,0.99913,1
2022-08-25 18:00:00,1.00004,0.99099,0.99709,0.99615,2,0.99712,0.99615,1
2022-08-26 10:00:00,1.00049,0.99615,0.99709,0.99615,-1,1.00049,0.99984,1
2022-08-26 14:00:00,1.00898,0.99615,0.99709,0.99615,-1,1.00898,1.00164,-1
2022-08-26 14:00:00,1.00898,0.99615,1.00898,0.99615,-1,1.00898,1.00164,-1
2022-08-28 22:00:00,1.00898,0.99517,1.00898,0.99615,-2,0.99591,0.99517,-1
2022-08-29 02:00:00,1.00898,0.99241,1.00898,0.99615,-2,0.99304,0.99241,-1
2022-08-29 06:00:00,1.00898,0.99208,1.00898,0.99615,1,0.99354,0.99208,-1
2022-08-30 10:00:00,1.00898,0.99208,1.00898,1.0028,1,1.00428,1.0028,-1
2022-08-30 22:00:00,1.00898,0.99208,1.00898,1.00148,1,1.00179,1.00148,-1
2022-08-31 02:00:00,1.00898,0.99208,1.00898,1.00164,1,1.00202,1.00164,-1
2022-08-31 22:00:00,1.00898,0.99208,1.00542,1.00164,1,1.00542,1.00498,-1
2022-09-01 06:00:00,1.00898,0.99208,1.00223,1.00164,1,1.00223,1.00116,-1
2022-09-01 22:00:00,1.00898,0.99208,0.99487,1.00164,1,0.99487,0.99435,-1
2022-09-02 02:00:00,1.00898,0.99208,0.99487,0.99534,1,0.9957,0.99534,-1
2022-09-02 10:00:00,1.00898,0.99208,1.00175,0.99534,1,1.00175,1.00037,-1
2022-09-02 14:00:00,1.00898,0.99208,1.00175,0.99894,1,1.00083,0.99894,-1
2022-09-04 22:00:00,1.00175,0.99159,1.00175,0.99894,1,0.99324,0.99159,-1
2022-09-04 22:00:00,1.00175,0.99159,0.99324,0.99894,1,0.99324,0.99159,-1
2022-09-05 02:00:00,0.99324,0.99126,0.99324,0.99894,1,0.99217,0.99126,-1
2022-09-05 06:00:00,0.99324,0.98772,0.99324,0.99894,1,0.98952,0.98772,1
2022-09-05 06:00:00,0.99324,0.98772,0.99324,0.98772,1,0.98952,0.98772,1
2022-09-05 14:00:00,0.99324,0.98772,0.99324,0.99202,1,0.99286,0.99202,1
2022-09-05 18:00:00,0.99359,0.99202,0.99324,0.99202,1,0.99359,0.99303,1
2022-09-05 18:00:00,0.99359,0.99202,0.99359,0.99202,1,0.99359,0.99303,1
2022-09-05 22:00:00,0.99428,0.99202,0.99359,0.99202,2,0.99428,0.9929,1
2022-09-06 02:00:00,0.99642,0.99202,0.99359,0.99202,2,0.99642,0.9955,-1
2022-09-06 14:00:00,0.99359,0.98638,0.99359,0.99202,-1,0.98843,0.98638,1
2022-09-06 14:00:00,0.99359,0.98638,0.99359,0.98638,-1,0.98843,0.98638,1
2022-09-06 18:00:00,0.99359,0.98638,0.99359,0.98953,-1,0.99051,0.98953,1
2022-09-07 06:00:00,0.99359,0.98638,0.99359,0.98872,-1,0.98992,0.98872,1
2022-09-07 10:00:00,0.99359,0.98638,0.99359,0.98936,-1,0.99105,0.98936,1
2022-09-07 14:00:00,0.99359,0.98638,0.99359,0.98991,-1,0.99205,0.98991,1
2022-09-07 18:00:00,0.9998,0.98991,0.99359,0.98991,1,0.9998,0.99901,1
2022-09-07 22:00:00,1.00115,0.98991,0.99359,0.98991,1,1.00115,1.00077,1
2022-09-08 10:00:00,1.00115,0.98991,0.99359,0.99925,1,1.00008,0.99925,1
2022-09-08 14:00:00,1.00115,0.98991,0.99359,0.99418,1,0.99649,0.99418,1
2022-09-08 22:00:00,1.00115,0.98991,0.99359,0.99956,1,1.00001,0.99956,1
2022-09-09 02:00:00,1.00589,0.99956,0.99359,0.99956,1,1.00589,1.005,1
2022-09-09 06:00:00,1.00685,0.99956,0.99359,0.99956,1,1.00685,1.00582,1
2022-09-09 06:00:00,1.00685,0.99956,0.99359,1.00582,1,1.00685,1.00582,1
2022-09-09 10:00:00,1.00974,1.00582,0.99359,1.00582,-1,1.00974,1.00814,-1
2022-09-09 10:00:00,1.00974,1.00582,1.00974,1.00582,-1,1.00974,1.00814,-1
2022-09-09 14:00:00,1.00974,1.0046,1.00974,1.00582,-2,1.00613,1.0046,-1
2022-09-09 14:00:00,1.00974,1.0046,1.00613,1.00582,-2,1.00613,1.0046,-1
2022-09-09 18:00:00,1.00613,1.00385,1.00613,1.00582,1,1.00438,1.00385,1
2022-09-11 22:00:00,1.00944,1.00582,1.00613,1.00582,1,1.00944,1.00777,1
2022-09-11 22:00:00,1.00944,1.00582,1.00944,1.00582,1,1.00944,1.00777,1
2022-09-12 02:00:00,1.00949,1.00582,1.00944,1.00582,1,1.00949,1.00874,1
2022-09-12 10:00:00,1.01476,1.00582,1.00944,1.00582,1,1.01476,1.0129,1
2022-09-12 10:00:00,1.01476,1.00582,1.00944,1.0129,1,1.01476,1.0129,1
2022-09-12 14:00:00,1.01476,1.00582,1.0139,1.0129,1,1.0139,1.01204,1
2022-09-13 06:00:00,1.01487,1.0129,1.0139,1.0129,1,1.01487,1.0137,1
2022-09-13 10:00:00,1.01681,1.0129,1.0139,1.0129,1,1.01681,1.01624,-1
2022-09-13 14:00:00,1.0139,1.00184,1.0139,1.0129,-2,1.00354,1.00184,-1
2022-09-13 18:00:00,1.0139,0.99815,1.0139,1.0129,-2,0.99927,0.99815,-1
2022-09-13 22:00:00,1.0139,0.99554,1.0139,1.0129,-2,0.9966,0.99554,-1
2022-09-13 22:00:00,1.0139,0.99554,1.0139,0.99554,-2,0.9966,0.99554,-1
2022-09-14 22:00:00,1.0139,0.99554,0.99837,0.99554,-2,0.99837,0.99788,-1
2022-09-15 02:00:00,1.0139,0.99554,0.99824,0.99554,-2,0.99824,0.99741,-1
2022-09-15 06:00:00,1.0139,0.99554,0.99679,0.99554,-2,0.99679,0.99605,-1
2022-09-15 14:00:00,1.0139,0.99554,1.00045,0.99554,-2,1.00045,0.99952,-1
2022-09-15 18:00:00,1.0139,0.99554,1.00045,0.99909,-2,0.99978,0.99909,-1
2022-09-15 22:00:00,1.0139,0.99554,1.00045,0.999,-2,0.99969,0.999,-1
2022-09-16 06:00:00,1.0139,0.99554,1.00045,0.99763,-2,0.99848,0.99763,-1
2022-09-16 10:00:00,1.0139,0.99554,1.00045,0.99649,-2,0.99739,0.99649,-1
2022-09-16 18:00:00,1.0139,0.99554,1.00045,0.99929,-2,0.9997,0.99929,-1
2022-09-18 22:00:00,1.0139,0.99554,1.00045,1.00047,-2,1.00146,1.00047,-1
2022-09-20 02:00:00,1.0139,0.99554,1.00045,1.00199,-2,1.00242,1.00199,-1
2022-09-20 06:00:00,1.0139,0.99554,1.00045,1.00128,-2,1.00242,1.00128,-1
2022-09-20 10:00:00,1.0139,0.99554,1.00045,0.99998,-2,1.00074,0.99998,-1
2022-09-20 14:00:00,1.0139,0.99554,0.99912,0.99998,-2,0.99912,0.99772,-1
2022-09-20 22:00:00,1.0139,0.99554,0.99712,0.99998,-2,0.99712,0.99652,-1
2022-09-21 02:00:00,1.0139,0.99554,0.99708,0.99998,-2,0.99708,0.99632,-1
2022-09-21 06:00:00,0.99708,0.99241,0.99708,0.99998,-2,0.99553,0.99241,-1
2022-09-21 14:00:00,0.99708,0.98981,0.99708,0.99998,-2,0.9913,0.98981,-1
2022-09-21 18:00:00,0.99708,0.98128,0.99708,0.99998,-2,0.98725,0.98128,-1
2022-09-21 18:00:00,0.99708,0.98128,0.99708,0.98128,-2,0.98725,0.98128,-1
2022-09-22 02:00:00,0.99708,0.98112,0.99708,0.98128,1,0.98229,0.98112,-1
2022-09-22 02:00:00,0.99708,0.98112,0.98229,0.98128,1,0.98229,0.98112,-1
2022-09-22 10:00:00,0.99708,0.98112,0.98229,0.98551,1,0.98674,0.98551,-1
2022-09-22 22:00:00,0.99708,0.98112,0.98389,0.98551,1,0.98389,0.98336,-1
2022-09-23 06:00:00,0.99708,0.98112,0.9838,0.98551,1,0.9838,0.98284,-1
2022-09-23 10:00:00,0.9838,0.97501,0.9838,0.98551,1,0.97649,0.97501,-1
2022-09-23 14:00:00,0.9838,0.97263,0.9838,0.98551,1,0.97374,0.97263,-1
2022-09-23 18:00:00,0.9838,0.96846,0.9838,0.98551,1,0.96939,0.96846,-1
2022-09-25 22:00:00,0.9838,0.96687,0.9838,0.98551,-1,0.96912,0.96687,-1
2022-09-25 22:00:00,0.9838,0.96687,0.9838,0.96687,-1,0.96912,0.96687,-1
2022-09-26 02:00:00,0.9838,0.96452,0.9838,0.96687,-1,0.96624,0.96452,-1
2022-09-26 06:00:00,0.9838,0.96266,0.9838,0.96687,-1,0.96444,0.96266,-1
2022-09-26 10:00:00,0.9838,0.96266,0.9838,0.96332,-1,0.96496,0.96332,-1
2022-09-26 14:00:00,0.9838,0.96266,0.9838,0.96475,-1,0.96763,0.96475,-1
2022-09-26 18:00:00,0.9838,0.95995,0.9838,0.96475,-1,0.96109,0.95995,-1
2022-09-26 18:00:00,0.9838,0.95995,0.9838,0.95995,-1,0.96109,0.95995,-1
2022-09-26 22:00:00,0.9838,0.95995,0.96135,0.95995,-1,0.96135,0.96027,-1
2022-09-27 02:00:00,0.9838,0.95995,0.96135,0.96231,-1,0.96298,0.96231,-1
2022-09-27 10:00:00,0.9838,0.95995,0.96135,0.96063,-1,0.96206,0.96063,-1
2022-09-27 14:00:00,0.96233,0.95989,0.96135,0.96063,-1,0.96233,0.95989,-1
2022-09-27 14:00:00,0.96233,0.95989,0.96135,0.95989,-1,0.96233,0.95989,-1
2022-09-27 18:00:00,0.96135,0.95806,0.96135,0.95989,-2,0.95866,0.95806,-1
2022-09-27 22:00:00,0.96135,0.95806,0.95995,0.95989,-2,0.95995,0.95949,-1
2022-09-28 02:00:00,0.95995,0.95497,0.95995,0.95989,-2,0.95642,0.95497,1
2022-09-28 10:00:00,0.96026,0.95382,0.95995,0.95989,1,0.96026,0.95382,1
2022-09-28 10:00:00,0.96026,0.95382,0.96026,0.95989,1,0.96026,0.95382,1
2022-09-28 14:00:00,0.96151,0.95934,0.96026,0.95989,2,0.96151,0.95934,1
2022-09-28 18:00:00,0.97316,0.95989,0.96026,0.95989,2,0.97316,0.97232,1
2022-09-28 18:00:00,0.97316,0.95989,0.96026,0.97232,2,0.97316,0.97232,1
2022-09-28 22:00:00,0.97361,0.97232,0.96026,0.97232,-1,0.97361,0.97288,-1
2022-09-29 02:00:00,0.9687,0.96782,0.96026,0.97232,-1,0.9687,0.96782,-1
2022-09-29 06:00:00,0.96688,0.96587,0.96026,0.97232,-1,0.96688,0.96587,1
2022-09-29 10:00:00,0.96967,0.96826,0.96026,0.97232,-1,0.96967,0.96826,1
2022-09-29 14:00:00,0.97599,0.97232,0.96026,0.97232,-1,0.97599,0.973,1
2022-09-29 14:00:00,0.97599,0.97232,0.97599,0.97232,-1,0.97599,0.973,1
2022-09-29 18:00:00,0.97863,0.97232,0.97599,0.97232,2,0.97863,0.97766,1
2022-09-29 22:00:00,0.9835,0.97232,0.97599,0.97232,2,0.9835,0.98159,1
2022-09-29 22:00:00,0.9835,0.97232,0.97599,0.98159,2,0.9835,0.98159,1
2022-09-30 06:00:00,0.9835,0.97232,0.98335,0.98159,2,0.98335,0.98169,1
2022-10-02 22:00:00,0.9835,0.97232,0.98335,0.97921,2,0.98044,0.97921,1
2022-10-04 02:00:00,0.9835,0.97232,0.98335,0.9806,2,0.98159,0.9806,1
2022-10-04 06:00:00,0.98646,0.9806,0.98335,0.9806,2,0.98646,0.98376,1
2022-10-04 10:00:00,0.98932,0.9806,0.98335,0.9806,2,0.98932,0.98778,1
2022-10-04 14:00:00,0.99575,0.9806,0.98335,0.9806,2,0.99575,0.99288,1
2022-10-04 14:00:00,0.99575,0.9806,0.99575,0.9806,2,0.99575,0.99288,1
2022-10-04 18:00:00,0.99756,0.9806,0.99575,0.9806,1,0.99756,0.99687,1
2022-10-04 22:00:00,0.99856,0.9806,0.99575,0.9806,-1,0.99856,0.99807,-1
2022-10-04 22:00:00,0.99856,0.9806,0.99856,0.9806,-1,0.99856,0.99807,-1
2022-10-05 02:00:00,0.99856,0.9806,0.99856,0.99637,-1,0.99727,0.99637,-1
2022-10-05 06:00:00,0.99856,0.9806,0.99856,0.99615,-1,0.99693,0.99615,-1
2022-10-06 02:00:00,0.99856,0.9806,0.99181,0.99615,-1,0.99181,0.99101,-1
2022-10-06 14:00:00,0.99856,0.9806,0.99181,0.98181,-1,0.98312,0.98181,-1
2022-10-06 18:00:00,0.99856,0.9806,0.98167,0.98181,-1,0.98167,0.98074,-1
2022-10-06 22:00:00,0.98167,0.97898,0.98167,0.98181,-1,0.97971,0.97898,-1
2022-10-06 22:00:00,0.98167,0.97898,0.98167,0.97898,-1,0.97971,0.97898,-1
2022-10-07 06:00:00,0.98011,0.97838,0.98167,0.97898,-2,0.98011,0.97838,1
2022-10-07 10:00:00,0.98082,0.98002,0.98167,0.97898,-1,0.98082,0.98002,-1
2022-10-07 14:00:00,0.98167,0.97441,0.98167,0.97898,-2,0.97588,0.97441,-1
2022-10-09 22:00:00,0.98167,0.97296,0.98167,0.97898,-2,0.97395,0.97296,-1
2022-10-09 22:00:00,0.98167,0.97296,0.97395,0.97898,-2,0.97395,0.97296,-1
2022-10-10 06:00:00,0.97395,0.97166,0.97395,0.97898,-2,0.97322,0.97166,-1
2022-10-10 10:00:00,0.97395,0.97028,0.97395,0.97898,-1,0.97093,0.97028,-1
2022-10-10 10:00:00,0.97395,0.97028,0.97093,0.97898,-1,0.97093,0.97028,-1
2022-10-10 14:00:00,0.97044,0.96951,0.97093,0.97898,-1,0.97044,0.96951,1
2022-10-10 18:00:00,0.97191,0.97129,0.97093,0.97898,-1,0.97191,0.97129,-1
2022-10-10 22:00:00,0.97093,0.97004,0.97093,0.97898,-1,0.97037,0.97004,-1
2022-10-11 02:00:00,0.97093,0.96865,0.97093,0.97898,-1,0.96998,0.96865,-1
2022-10-11 06:00:00,0.97093,0.96744,0.97093,0.97898,1,0.96902,0.96744,1
2022-10-11 06:00:00,0.97093,0.96744,0.97093,0.96744,1,0.96902,0.96744,1
2022-10-11 10:00:00,0.97093,0.96744,0.97093,0.96918,1,0.97014,0.96918,1
2022-10-11 14:00:00,0.97093,0.96744,0.97093,0.96908,1,0.97044,0.96908,1
2022-10-11 18:00:00,0.97529,0.96908,0.97093,0.96908,1,0.97529,0.97471,-1
2022-10-12 02:00:00,0.97093,0.96854,0.97093,0.96908,-1,0.96926,0.96854,1
2022-10-12 06:00:00,0.9727,0.96908,0.97093,0.96908,-1,0.9727,0.97148,-1
2022-10-12 10:00:00,0.9727,0.96908,0.97167,0.96908,-1,0.97167,0.97059,-1
2022-10-12 14:00:00,0.97167,0.96902,0.97167,0.96908,1,0.96973,0.96902,1
2022-10-12 18:00:00,0.97203,0.96849,0.97167,0.96908,-1,0.97203,0.96849,1
2022-10-12 18:00:00,0.97203,0.96849,0.97203,0.96908,-1,0.97203,0.96849,1
2022-10-12 22:00:00,0.97203,0.96849,0.97096,0.96908,-1,0.97096,0.97037,1
2022-10-13 06:00:00,0.97203,0.96849,0.97096,0.96959,-1,0.97067,0.96959,1
2022-10-13 10:00:00,0.97322,0.97238,0.97096,0.96959,2,0.97322,0.97238,-1
2022-10-13 14:00:00,0.97096,0.9684,0.97096,0.96959,1,0.96993,0.9684,1
2022-10-13 18:00:00,0.98002,0.96959,0.97096,0.96959,1,0.98002,0.97882,1
2022-10-13 22:00:00,0.98002,0.96959,0.97781,0.96959,1,0.97781,0.97732,1
2022-10-14 02:00:00,0.98019,0.96959,0.97781,0.96959,1,0.98019,0.97941,1
2022-10-14 14:00:00,0.98019,0.96959,0.97781,0.9707,1,0.97367,0.9707,1
2022-10-14 18:00:00,0.98019,0.96959,0.97318,0.9707,1,0.97318,0.97235,1
2022-10-16 22:00:00,0.98019,0.96959,0.97377,0.9707,1,0.97377,0.97223,1
2022-10-17 02:00:00,0.98019,0.96959,0.97521,0.9707,1,0.97521,0.97457,1
2022-10-17 10:00:00,0.98019,0.96959,0.97706,0.9707,1,0.97706,0.97485,1
2022-10-17 18:00:00,0.98488,0.9707,0.97706,0.9707,1,0.98488,0.98379,1
2022-10-17 18:00:00,0.98488,0.9707,0.98488,0.9707,1,0.98488,0.98379,1
2022-10-17 22:00:00,0.98488,0.9707,0.98456,0.9707,1,0.98456,0.98385,1
2022-10-18 06:00:00,0.98573,0.9707,0.98456,0.9707,1,0.98573,0.98467,1
2022-10-18 06:00:00,0.98573,0.9707,0.98456,0.98467,1,0.98573,0.98467,1
2022-10-18 14:00:00,0.98589,0.98467,0.98456,0.98467,1,0.98589,0.985,1
2022-10-18 18:00:00,0.98597,0.98467,0.98456,0.98467,1,0.98597,0.985,1
2022-10-18 22:00:00,0.98628,0.98467,0.98456,0.98467,1,0.98628,0.98596,-1
2022-10-19 06:00:00,0.98456,0.98305,0.98456,0.98467,-2,0.98385,0.98305,-1
2022-10-19 10:00:00,0.98456,0.981,0.98456,0.98467,-2,0.98209,0.981,-1
2022-10-19 10:00:00,0.98456,0.981,0.98209,0.98467,-2,0.98209,0.981,-1
2022-10-19 14:00:00,0.98209,0.97703,0.98209,0.98467,-2,0.97846,0.97703,-1
2022-10-19 14:00:00,0.98209,0.97703,0.98209,0.97703,-2,0.97846,0.97703,-1
2022-10-19 18:00:00,0.98209,0.97632,0.98209,0.97703,-1,0.97738,0.97632,-1
2022-10-20 02:00:00,0.98209,0.97563,0.98209,0.97703,-1,0.97603,0.97563,-1
2022-10-20 06:00:00,0.98209,0.97563,0.97938,0.97703,-1,0.97938,0.97791,-1
2022-10-20 22:00:00,0.98209,0.97563,0.97886,0.97703,-1,0.97886,0.97834,-1
2022-10-21 06:00:00,0.98209,0.97563,0.97774,0.97703,-1,0.97774,0.97708,-1
2022-10-21 10:00:00,0.97774,0.97362,0.97774,0.97703,-1,0.97478,0.97362,1
2022-10-21 14:00:00,0.98168,0.97703,0.97774,0.97703,2,0.98168,0.97893,1
2022-10-21 14:00:00,0.98168,0.97703,0.98168,0.97703,2,0.98168,0.97893,1
2022-10-21 18:00:00,0.9838,0.97703,0.98168,0.97703,2,0.9838,0.98239,1
2022-10-21 18:00:00,0.9838,0.97703,0.98168,0.98239,2,0.9838,0.98239,1
2022-10-23 22:00:00,0.9899,0.98239,0.98168,0.98239,1,0.9899,0.98617,1
2022-10-23 22:00:00,0.9899,0.98239,0.9899,0.98239,1,0.9899,0.98617,1
2022-10-24 02:00:00,0.9899,0.98239,0.9899,0.98286,1,0.98358,0.98286,1
2022-10-24 06:00:00,0.9899,0.98239,0.98617,0.98286,1,0.98617,0.98412,1
2022-10-25 14:00:00,0.99766,0.98286,0.98617,0.98286,1,0.99766,0.99418,1
2022-10-25 14:00:00,0.99766,0.98286,0.99766,0.98286,1,0.99766,0.99418,1
2022-10-25 22:00:00,0.99766,0.98286,0.99766,0.99552,1,0.9966,0.99552,1
2022-10-26 06:00:00,0.99815,0.99552,0.99766,0.99552,2,0.99815,0.99605,1
2022-10-26 10:00:00,1.00313,0.99552,0.99766,0.99552,2,1.00313,1.00145,1
2022-10-26 10:00:00,1.00313,0.99552,1.00313,0.99552,2,1.00313,1.00145,1
2022-10-26 14:00:00,1.00413,0.99552,1.00313,0.99552,2,1.00413,1.00131,1
2022-10-26 14:00:00,1.00413,0.99552,1.00413,0.99552,2,1.00413,1.00131,1
2022-10-26 18:00:00,1.00856,0.99552,1.00413,0.99552,1,1.00856,1.00797,-1
2022-10-26 22:00:00,1.00856,0.99552,1.00413,1.00746,1,1.00815,1.00746,-1
2022-10-28 02:00:00,1.00856,0.99552,0.9998,1.00746,1,0.9998,0.99913,-1
2022-10-28 10:00:00,0.9998,0.99465,0.9998,1.00746,-1,0.99562,0.99465,-1
2022-10-28 14:00:00,0.9998,0.99388,0.9998,1.00746,-1,0.99823,0.99388,-1
2022-10-28 14:00:00,0.9998,0.99388,0.9998,0.99388,-1,0.99823,0.99388,-1
2022-10-28 18:00:00,0.9998,0.99375,0.9998,0.99388,1,0.99475,0.99375,-1
2022-10-30 22:00:00,0.9998,0.99375,0.99592,0.99388,1,0.99592,0.99454,-1
2022-10-31 10:00:00,0.99592,0.99353,0.99592,0.99388,1,0.99464,0.99353,-1
2022-10-31 14:00:00,0.99592,0.98897,0.99592,0.99388,1,0.99004,0.98897,-1
2022-10-31 18:00:00,0.99592,0.98864,0.99592,0.99388,1,0.98957,0.98864,-1
2022-10-31 18:00:00,0.99592,0.98864,0.98957,0.99388,1,0.98957,0.98864,-1
2022-10-31 22:00:00,0.98957,0.98807,0.98957,0.99388,1,0.98838,0.98807,1
2022-10-31 22:00:00,0.98957,0.98807,0.98957,0.98807,1,0.98838,0.98807,1
2022-11-01 02:00:00,0.98978,0.98807,0.98957,0.98807,2,0.98978,0.98927,1
2022-11-01 06:00:00,0.99341,0.98807,0.98957,0.98807,2,0.99341,0.99214,1
2022-11-01 14:00:00,0.99369,0.98999,0.98957,0.98807,2,0.99369,0.98999,-1
2022-11-01 18:00:00,0.98957,0.98766,0.98957,0.98807,-1,0.98841,0.98766,-1
2022-11-01 22:00:00,0.98957,0.98695,0.98957,0.98807,-1,0.98778,0.98695,1
2022-11-01 22:00:00,0.98957,0.98695,0.98957,0.98695,-1,0.98778,0.98695,1
2022-11-02 02:00:00,0.98957,0.98695,0.98957,0.98787,-1,0.98879,0.98787,1
2022-11-02 10:00:00,0.99118,0.98787,0.98957,0.98787,-1,0.99118,0.99017,1
2022-11-02 10:00:00,0.99118,0.98787,0.99118,0.98787,-1,0.99118,0.99017,1
2022-11-02 18:00:00,0.99595,0.98741,0.99118,0.98787,-1,0.99595,0.98741,-1
2022-11-02 22:00:00,0.99118,0.98139,0.99118,0.98787,-1,0.98244,0.98139,-1
2022-11-03 10:00:00,0.99118,0.97456,0.99118,0.98787,-1,0.97563,0.97456,-1
2022-11-03 14:00:00,0.99118,0.97424,0.99118,0.98787,1,0.97613,0.97424,1
2022-11-03 14:00:00,0.99118,0.97424,0.99118,0.97424,1,0.97613,0.97424,1
2022-11-03 22:00:00,0.99118,0.97424,0.9755,0.97424,1,0.9755,0.97476,1
2022-11-04 18:00:00,0.9924,0.97424,0.9755,0.97424,2,0.9924,0.99153,1
2022-11-06 22:00:00,0.9924,0.97424,0.9755,0.99001,2,0.99123,0.99001,1
2022-11-07 02:00:00,0.9936,0.99001,0.9755,0.99001,2,0.9936,0.99273,1
2022-11-07 06:00:00,0.99459,0.99001,0.9755,0.99001,2,0.99459,0.99403,1
2022-11-07 06:00:00,0.99459,0.99001,0.9755,0.99403,2,0.99459,0.99403,1
2022-11-07 10:00:00,0.99922,0.99403,0.9755,0.99403,2,0.99922,0.99827,1
2022-11-07 14:00:00,1.00054,0.99403,0.9755,0.99403,2,1.00054,0.99933,1
2022-11-07 18:00:00,1.00256,0.99403,0.9755,0.99403,2,1.00256,1.00193,1
2022-11-07 22:00:00,1.00256,0.99403,0.9755,1.00144,2,1.00188,1.00144,1
2022-11-08 02:00:00,1.00256,0.99403,0.9755,1.00094,2,1.00148,1.00094,1
2022-11-08 10:00:00,1.00256,0.99403,1.00047,1.00094,2,1.00047,0.99988,1
2022-11-08 18:00:00,1.00946,1.00094,1.00047,1.00094,1,1.00946,1.00865,-1
2022-11-08 22:00:00,1.00946,1.00094,1.00047,1.00707,1,1.0075,1.00707,-1
2022-11-09 06:00:00,1.00946,1.00094,1.00047,1.00562,1,1.00702,1.00562,-1
2022-11-09 14:00:00,1.00946,1.00094,1.00408,1.00562,1,1.00408,1.00284,-1
2022-11-09 22:00:00,1.00408,1.00077,1.00408,1.00562,-1,1.00098,1.00077,-1
2022-11-09 22:00:00,1.00408,1.00077,1.00408,1.00077,-1,1.00098,1.00077,-1
2022-11-10 10:00:00,1.00408,0.99604,1.00408,1.00077,1,0.99678,0.99604,1
2022-11-10 14:00:00,1.01449,1.00077,1.00408,1.00077,2,1.01449,1.01098,1
2022-11-10 18:00:00,1.01611,1.00077,1.00408,1.00077,2,1.01611,1.01423,1
2022-11-10 22:00:00,1.02055,1.00077,1.00408,1.00077,2,1.02055,1.01978,1
2022-11-11 06:00:00,1.02346,1.00077,1.00408,1.00077,2,1.02346,1.02166,1
2022-11-11 06:00:00,1.02346,1.00077,1.02346,1.00077,2,1.02346,1.02166,1
2022-11-11 10:00:00,1.02797,1.00077,1.02346,1.00077,2,1.02797,1.02577,1
2022-11-11 10:00:00,1.02797,1.00077,1.02797,1.00077,2,1.02797,1.02577,1
2022-11-11 14:00:00,1.03234,1.00077,1.02797,1.00077,2,1.03234,1.03091,1
2022-11-11 14:00:00,1.03234,1.00077,1.03234,1.00077,2,1.03234,1.03091,1
2022-11-11 18:00:00,1.03435,1.00077,1.03234,1.00077,1,1.03435,1.0338,1
2022-11-13 22:00:00,1.03435,1.00077,1.03234,1.03141,1,1.03411,1.03141,1
2022-11-14 14:00:00,1.03435,1.00077,1.03261,1.03141,1,1.03261,1.03133,1
2022-11-14 22:00:00,1.03435,1.00077,1.03261,1.03225,1,1.03303,1.03225,1
2022-11-15 02:00:00,1.03435,1.00077,1.03273,1.03225,1,1.03273,1.03153,1
2022-11-15 10:00:00,1.04101,1.03225,1.03273,1.03225,1,1.04101,1.03949,1
2022-11-15 14:00:00,1.04443,1.03225,1.03273,1.03225,-1,1.04443,1.04218,-1
2022-11-15 18:00:00,1.04443,1.03225,1.03885,1.03225,-1,1.03885,1.03771,-1
2022-11-15 22:00:00,1.04443,1.03225,1.03517,1.03225,-1,1.03517,1.03465,-1
2022-11-16 06:00:00,1.04443,1.03225,1.03517,1.03658,-1,1.0381,1.03658,-1
2022-11-17 10:00:00,1.04443,1.03225,1.03517,1.03522,-1,1.03671,1.03522,-1
2022-11-17 14:00:00,1.03517,1.03051,1.03517,1.03522,1,1.03166,1.03051,1
2022-11-17 14:00:00,1.03517,1.03051,1.03517,1.03051,1,1.03166,1.03051,1
2022-11-17 18:00:00,1.0354,1.03051,1.03517,1.03051,1,1.0354,1.03481,1
2022-11-17 22:00:00,1.03646,1.03051,1.03517,1.03051,1,1.03646,1.03608,1
2022-11-18 02:00:00,1.03752,1.03051,1.03517,1.03051,1,1.03752,1.03674,1
2022-11-18 06:00:00,1.03752,1.03051,1.03734,1.03051,1,1.03734,1.03642,1
2022-11-18 10:00:00,1.03815,1.03051,1.03734,1.03051,1,1.03815,1.03642,-1
2022-11-18 18:00:00,1.03815,1.03051,1.03734,1.03256,1,1.03353,1.03256,-1
2022-11-21 02:00:00,1.03734,1.02915,1.03734,1.03256,-2,1.03117,1.02915,-1
2022-11-21 06:00:00,1.03734,1.02786,1.03734,1.03256,-2,1.02836,1.02786,-1
2022-11-21 10:00:00,1.03734,1.02267,1.03734,1.03256,-2,1.02405,1.02267,1
2022-11-21 14:00:00,1.03734,1.02267,1.03734,1.02387,-2,1.02548,1.02387,1
2022-11-21 18:00:00,1.03734,1.02267,1.02436,1.02387,-2,1.02436,1.02302,1
2022-11-22 06:00:00,1.03734,1.02267,1.02594,1.02387,-2,1.02594,1.02525,1
2022-11-23 14:00:00,1.03734,1.02267,1.03417,1.02387,-2,1.03417,1.03312,1
2022-11-23 18:00:00,1.03734,1.02267,1.03417,1.03591,-2,1.03667,1.03591,1
2022-11-23 22:00:00,1.03957,1.03591,1.03417,1.03591,2,1.03957,1.03914,1
2022-11-23 22:00:00,1.03957,1.03591,1.03417,1.03914,2,1.03957,1.03914,1
2022-11-24 02:00:00,1.04259,1.03914,1.03417,1.03914,2,1.04259,1.04174,1
2022-11-24 06:00:00,1.04379,1.03914,1.03417,1.03914,-1,1.04379,1.04323,-1
2022-11-24 10:00:00,1.04379,1.03914,1.04291,1.03914,-1,1.04291,1.04157,-1
2022-11-24 18:00:00,1.04379,1.03914,1.04101,1.03914,-1,1.04101,1.04031,-1
2022-11-24 22:00:00,1.04379,1.03914,1.04101,1.04071,-1,1.041,1.04071,-1
2022-11-25 10:00:00,1.04101,1.03909,1.04101,1.04071,1,1.04066,1.03909,-1
2022-11-25 14:00:00,1.04101,1.03617,1.04101,1.04071,1,1.03734,1.03617,-1
2022-11-25 18:00:00,1.04101,1.03617,1.04101,1.03969,1,1.0406,1.03969,-1
2022-11-28 02:00:00,1.04101,1.03429,1.04101,1.03969,1,1.03519,1.03429,1
2022-11-28 10:00:00,1.04567,1.03969,1.04101,1.03969,-1,1.04567,1.04388,1
2022-11-28 10:00:00,1.04567,1.03969,1.04101,1.04388,-1,1.04567,1.04388,1
2022-11-28 14:00:00,1.04627,1.04388,1.04101,1.04388,-1,1.04627,1.04405,-1
2022-11-28 18:00:00,1.04101,1.03623,1.04101,1.04388,-2,1.03729,1.03623,-1
2022-11-28 22:00:00,1.04101,1.03371,1.04101,1.04388,1,1.03378,1.03371,-1
2022-11-28 22:00:00,1.04101,1.03371,1.04101,1.03371,1,1.03378,1.03371,-1
2022-11-29 06:00:00,1.04101,1.03371,1.03894,1.03371,1,1.03894,1.03835,-1
2022-11-29 14:00:00,1.03894,1.03255,1.03894,1.03371,-1,1.03464,1.03255,-1
2022-11-29 22:00:00,1.03894,1.03255,1.03313,1.03371,-1,1.03313,1.0328,-1
2022-11-30 10:00:00,1.03894,1.03255,1.03798,1.03371,-1,1.03798,1.0357,-1
2022-11-30 18:00:00,1.03798,1.03134,1.03798,1.03371,-1,1.03195,1.03134,1
2022-11-30 22:00:00,1.04068,1.03371,1.03798,1.03371,2,1.04068,1.04014,1
2022-12-01 02:00:00,1.04261,1.03371,1.03798,1.03371,2,1.04261,1.04201,1
2022-12-01 06:00:00,1.04469,1.04417,1.03798,1.03371,2,1.04469,1.04417,1
2022-12-01 10:00:00,1.04496,1.03371,1.03798,1.03371,1,1.04496,1.04375,1
2022-12-01 10:00:00,1.04496,1.03371,1.04496,1.03371,1,1.04496,1.04375,1
2022-12-01 14:00:00,1.0506,1.03371,1.04496,1.03371,2,1.0506,1.04846,1
2022-12-01 18:00:00,1.05192,1.03371,1.04496,1.03371,2,1.05192,1.05068,1
2022-12-01 18:00:00,1.05192,1.03371,1.05192,1.03371,2,1.05192,1.05068,1
2022-12-01 22:00:00,1.0522,1.03371,1.05192,1.03371,2,1.0522,1.05156,1
2022-12-01 22:00:00,1.0522,1.03371,1.05192,1.05156,2,1.0522,1.05156,1
2022-12-02 06:00:00,1.05279,1.05156,1.05192,1.05156,2,1.05279,1.05228,1
2022-12-02 10:00:00,1.05299,1.05159,1.05192,1.05156,1,1.05299,1.05159,-1
2022-12-02 14:00:00,1.05192,1.04449,1.05192,1.05156,1,1.04734,1.04449,1
2022-12-02 18:00:00,1.05299,1.05156,1.05192,1.05156,2,1.05299,1.05251,1
2022-12-04 22:00:00,1.05373,1.05156,1.05192,1.05156,2,1.05373,1.05303,1
2022-12-04 22:00:00,1.05373,1.05156,1.05192,1.05303,2,1.05373,1.05303,1
2022-12-05 02:00:00,1.05686,1.05303,1.05192,1.05303,2,1.05686,1.05612,1
2022-12-05 06:00:00,1.0583,1.05303,1.05192,1.05303,2,1.0583,1.05722,-1
2022-12-05 18:00:00,1.05192,1.0494,1.05192,1.05303,-1,1.05034,1.0494,-1
2022-12-05 22:00:00,1.05192,1.04871,1.05192,1.05303,-1,1.04918,1.04871,-1
2022-12-05 22:00:00,1.05192,1.04871,1.05192,1.04871,-1,1.04918,1.04871,-1
2022-12-06 06:00:00,1.05192,1.0482,1.05192,1.04871,-1,1.04952,1.0482,-1
2022-12-06 06:00:00,1.05192,1.0482,1.04952,1.04871,-1,1.04952,1.0482,-1
2022-12-06 18:00:00,1.04952,1.04734,1.04952,1.04871,-2,1.04825,1.04734,-1
2022-12-06 22:00:00,1.04952,1.0462,1.04952,1.04871,-2,1.04658,1.0462,-1
2022-12-06 22:00:00,1.04952,1.0462,1.04952,1.0462,-2,1.04658,1.0462,-1
2022-12-07 06:00:00,1.04952,1.04496,1.04952,1.0462,1,1.0468,1.04496,1
2022-12-07 14:00:00,1.05496,1.0462,1.04952,1.0462,1,1.05496,1.05323,1
2022-12-07 14:00:00,1.05496,1.0462,1.05496,1.0462,1,1.05496,1.05323,1
2022-12-07 22:00:00,1.05496,1.0462,1.05496,1.05011,1,1.05059,1.05011,1
2022-12-08 14:00:00,1.05496,1.0462,1.0534,1.05011,1,1.0534,1.05183,1
2022-12-08 22:00:00,1.05542,1.05011,1.0534,1.05011,2,1.05542,1.0554,1
2022-12-08 22:00:00,1.05542,1.05011,1.0534,1.0554,2,1.05542,1.0554,1
2022-12-09 02:00:00,1.05805,1.0554,1.0534,1.0554,2,1.05805,1.05675,-1
2022-12-09 10:00:00,1.05805,1.0554,1.05685,1.0554,2,1.05685,1.05549,-1
2022-12-09 14:00:00,1.05685,1.0525,1.05685,1.0554,-1,1.05501,1.0525,-1
2022-12-11 22:00:00,1.05685,1.0525,1.05685,1.05261,-1,1.05361,1.05261,-1
2022-12-12 02:00:00,1.05685,1.05088,1.05685,1.05261,-1,1.05125,1.05088,1
2022-12-12 14:00:00,1.05764,1.05261,1.05685,1.05261,-1,1.05764,1.05668,-1
2022-12-12 18:00:00,1.05685,1.05222,1.05685,1.05261,1,1.05352,1.05222,1
2022-12-12 22:00:00,1.05685,1.05222,1.05685,1.05309,1,1.05355,1.05309,1
2022-12-13 14:00:00,1.0662,1.05309,1.05685,1.05309,1,1.0662,1.06444,1
2022-12-13 18:00:00,1.0662,1.05309,1.05685,1.06102,1,1.06167,1.06102,1
2022-12-14 10:00:00,1.06683,1.06102,1.05685,1.06102,1,1.06683,1.06558,1
2022-12-14 10:00:00,1.06683,1.06102,1.06683,1.06102,1,1.06683,1.06558,1
2022-12-14 14:00:00,1.06683,1.06102,1.06492,1.06102,1,1.06492,1.06359,1
2022-12-14 18:00:00,1.06683,1.06102,1.06492,1.06503,1,1.06627,1.06503,1
2022-12-14 22:00:00,1.06816,1.06503,1.06492,1.06503,-1,1.06816,1.0679,-1
2022-12-14 22:00:00,1.06816,1.06503,1.06492,1.0679,-1,1.06816,1.0679,-1
2022-12-15 10:00:00,1.06492,1.0616,1.06492,1.0679,-2,1.06229,1.0616,1
2022-12-15 14:00:00,1.07245,1.06481,1.06492,1.0679,-1,1.07245,1.06481,-1
2022-12-15 18:00:00,1.06492,1.05921,1.06492,1.0679,-1,1.06036,1.05921,1
2022-12-15 18:00:00,1.06492,1.05921,1.06492,1.05921,-1,1.06036,1.05921,1
2022-12-16 02:00:00,1.06493,1.05921,1.06492,1.05921,-1,1.06493,1.06409,-1
2022-12-16 10:00:00,1.06493,1.05921,1.06492,1.06093,-1,1.0623,1.06093,-1
2022-12-16 14:00:00,1.06493,1.05921,1.06418,1.06093,-1,1.06418,1.06214,-1
2022-12-16 18:00:00,1.06493,1.05921,1.06418,1.06029,-1,1.06108,1.06029,-1
2022-12-18 22:00:00,1.06418,1.05848,1.06418,1.06029,1,1.05947,1.05848,-1
2022-12-19 02:00:00,1.06418,1.05848,1.0613,1.06029,1,1.0613,1.06018,-1
2022-12-19 22:00:00,1.06418,1.05848,1.0613,1.0604,1,1.06069,1.0604,-1
2022-12-20 06:00:00,1.0613,1.05827,1.0613,1.0604,1,1.05965,1.05827,1
2022-12-20 10:00:00,1.06377,1.0604,1.0613,1.0604,1,1.06377,1.06254,-1
2022-12-20 14:00:00,1.06155,1.05982,1.0613,1.0604,1,1.06155,1.05982,1
2022-12-20 18:00:00,1.06172,1.0604,1.0613,1.0604,1,1.06172,1.06058,1
2022-12-20 22:00:00,1.06274,1.0604,1.0613,1.0604,1,1.06274,1.0622,1
2022-12-21 06:00:00,1.06274,1.0604,1.06176,1.0604,1,1.06176,1.06103,1
2022-12-21 14:00:00,1.06284,1.06131,1.06176,1.0604,1,1.06284,1.06131,-1
2022-12-21 18:00:00,1.06176,1.05953,1.06176,1.0604,1,1.06034,1.05953,1
2022-12-21 22:00:00,1.06176,1.05953,1.06176,1.0601,1,1.0607,1.0601,1
2022-12-22 02:00:00,1.063,1.0601,1.06176,1.0601,2,1.063,1.06281,1
2022-12-22 06:00:00,1.06447,1.0601,1.06176,1.0601,2,1.06447,1.06398,1
2022-12-22 10:00:00,1.06562,1.0601,1.06176,1.0601,-1,1.06562,1.06428,-1
2022-12-22 10:00:00,1.06562,1.0601,1.06562,1.0601,-1,1.06562,1.06428,-1
2022-12-22 18:00:00,1.06562,1.0582,1.06562,1.0601,1,1.05858,1.0582,1
2022-12-26 02:00:00,1.06562,1.0582,1.06203,1.0601,1,1.06203,1.06144,1
2022-12-26 10:00:00,1.06562,1.0582,1.06203,1.06213,1,1.06226,1.06213,1
2022-12-26 18:00:00,1.06562,1.0582,1.06313,1.06213,1,1.06313,1.06261,1
2022-12-27 02:00:00,1.06604,1.06213,1.06313,1.06213,1,1.06604,1.065,1
2022-12-27 02:00:00,1.06604,1.06213,1.06604,1.06213,1,1.06604,1.065,1
2022-12-27 06:00:00,1.06617,1.06213,1.06604,1.06213,-1,1.06617,1.06532,1
2022-12-27 06:00:00,1.06617,1.06213,1.06617,1.06213,-1,1.06617,1.06532,1
2022-12-27 10:00:00,1.0662,1.06213,1.06617,1.06213,-1,1.0662,1.06515,-1
2022-12-27 14:00:00,1.06617,1.06154,1.06617,1.06213,1,1.06294,1.06154,-1
2022-12-27 22:00:00,1.06617,1.06154,1.06425,1.06213,1,1.06425,1.06379,-1
2022-12-28 22:00:00,1.06425,1.06092,1.06425,1.06213,1,1.06119,1.06092,1
2022-12-28 22:00:00,1.06425,1.06092,1.06425,1.06092,1,1.06119,1.06092,1
2022-12-29 06:00:00,1.06425,1.06092,1.06267,1.06092,1,1.06267,1.0622,1
2022-12-29 10:00:00,1.06562,1.06092,1.06267,1.06092,2,1.06562,1.06464,1
2022-12-29 14:00:00,1.06628,1.06092,1.06267,1.06092,2,1.06628,1.06505,1
2022-12-29 18:00:00,1.06832,1.06092,1.06267,1.06092,-1,1.06832,1.06738,1
2022-12-30 18:00:00,1.07111,1.06092,1.06267,1.06092,-1,1.07111,1.07039,-1
2023-01-01 22:00:00,1.07111,1.06092,1.07066,1.06092,-1,1.07066,1.06899,-1
2023-01-02 02:00:00,1.07111,1.06092,1.07066,1.06862,-1,1.06977,1.06862,-1
2023-01-02 06:00:00,1.07111,1.06092,1.06996,1.06862,-1,1.06996,1.06923,-1
2023-01-03 06:00:00,1.07111,1.06092,1.06676,1.06862,-1,1.06676,1.06623,-1
2023-01-03 10:00:00,1.06676,1.05439,1.06676,1.06862,-1,1.05547,1.05439,-1
2023-01-03 18:00:00,1.06676,1.05432,1.06676,1.06862,1,1.05492,1.05432,-1
2023-01-03 22:00:00,1.06676,1.05432,1.06676,1.0545,1,1.05469,1.0545,-1
2023-01-04 10:00:00,1.06676,1.05432,1.06676,1.06082,1,1.06159,1.06082,-1
2023-01-04 14:00:00,1.06676,1.05432,1.06676,1.0602,1,1.06148,1.0602,-1
2023-01-04 22:00:00,1.06676,1.05432,1.06676,1.05997,1,1.06035,1.05997,-1
2023-01-05 06:00:00,1.06676,1.05432,1.06199,1.05997,1,1.06199,1.06087,-1
2023-01-05 18:00:00,1.06199,1.0529,1.06199,1.05997,1,1.0533,1.0529,-1
2023-01-05 22:00:00,1.06199,1.05195,1.06199,1.05997,1,1.05209,1.05195,-1
2023-01-06 06:00:00,1.06199,1.05139,1.06199,1.05997,1,1.0521,1.05139,-1
2023-01-06 10:00:00,1.06199,1.05072,1.06199,1.05997,1,1.05157,1.05072,1
2023-01-06 18:00:00,1.06394,1.05997,1.06199,1.05997,2,1.06394,1.06315,1
2023-01-08 22:00:00,1.0641,1.05997,1.06199,1.05997,2,1.0641,1.06389,1
2023-01-09 02:00:00,1.06737,1.05997,1.06199,1.05997,2,1.06737,1.06662,1
2023-01-09 06:00:00,1.068,1.05997,1.06199,1.05997,2,1.068,1.06763,1
2023-01-09 14:00:00,1.07319,1.05997,1.06199,1.05997,2,1.07319,1.07208,1
2023-01-09 14:00:00,1.07319,1.05997,1.07319,1.05997,2,1.07319,1.07208,1
2023-01-09 18:00:00,1.0754,1.05997,1.07319,1.05997,1,1.0754,1.07458,1
2023-01-09 18:00:00,1.0754,1.05997,1.0754,1.05997,1,1.0754,1.07458,1
2023-01-09 22:00:00,1.0754,1.05997,1.0754,1.0727,1,1.07303,1.0727,1
2023-01-10 22:00:00,1.0754,1.05997,1.0754,1.07305,1,1.07333,1.07305,1
2023-01-11 10:00:00,1.0754,1.05997,1.0749,1.07305,1,1.0749,1.07399,1
2023-01-11 18:00:00,1.0768,1.07305,1.0749,1.07305,1,1.0768,1.07458,1
2023-01-11 18:00:00,1.0768,1.07305,1.0768,1.07305,1,1.0768,1.07458,1
2023-01-12 06:00:00,1.07686,1.07305,1.0768,1.07305,1,1.07686,1.07619,1
2023-01-12 14:00:00,1.08338,1.07305,1.0768,1.07305,1,1.08338,1.07958,1
2023-01-12 18:00:00,1.08668,1.07305,1.0768,1.07305,1,1.08668,1.08479,1
2023-01-12 18:00:00,1.08668,1.07305,1.08668,1.07305,1,1.08668,1.08479,1
2023-01-12 22:00:00,1.08668,1.07305,1.08668,1.08476,1,1.08501,1.08476,1
2023-01-13 02:00:00,1.08668,1.07305,1.0856,1.08476,1,1.0856,1.08417,1
2023-01-13 10:00:00,1.08668,1.07305,1.08516,1.08476,1,1.08516,1.08418,1
2023-01-13 14:00:00,1.08668,1.07305,1.08516,1.07803,1,1.08058,1.07803,1
2023-01-15 22:00:00,1.08668,1.07305,1.0835,1.07803,1,1.0835,1.08279,1
2023-01-16 02:00:00,1.087,1.07803,1.0835,1.07803,-1,1.087,1.08654,-1
2023-01-17 02:00:00,1.087,1.07803,1.08327,1.07803,-1,1.08327,1.08166,-1
2023-01-17 10:00:00,1.087,1.07803,1.08273,1.07803,-1,1.08273,1.08108,-1
2023-01-17 18:00:00,1.08273,1.07797,1.08273,1.07803,-1,1.07865,1.07797,-1
2023-01-17 22:00:00,1.08273,1.07797,1.08273,1.07854,-1,1.07882,1.07854,-1
2023-01-18 06:00:00,1.08273,1.07795,1.08273,1.07854,-1,1.07876,1.07795,1
2023-01-18 10:00:00,1.08699,1.07854,1.08273,1.07854,-1,1.08699,1.08556,-1
2023-01-18 18:00:00,1.08699,1.07854,1.07989,1.07854,-1,1.07989,1.07891,-1
2023-01-19 02:00:00,1.07989,1.07824,1.07989,1.07854,1,1.07883,1.07824,1
2023-01-19 06:00:00,1.07996,1.07854,1.07989,1.07854,1,1.07996,1.07912,1
2023-01-19 06:00:00,1.07996,1.07854,1.07989,1.07912,1,1.07996,1.07912,1
2023-01-19 10:00:00,1.08279,1.07912,1.07989,1.07912,1,1.08279,1.08193,1
2023-01-19 22:00:00,1.08299,1.07912,1.07989,1.07912,1,1.08299,1.08265,1
2023-01-19 22:00:00,1.08299,1.07912,1.07989,1.08265,1,1.08299,1.08265,1
2023-01-20 02:00:00,1.08384,1.08265,1.07989,1.08265,1,1.08384,1.08312,-1
2023-01-20 02:00:00,1.08384,1.08265,1.07989,1.08312,1,1.08384,1.08312,-1
2023-01-20 06:00:00,1.08384,1.08265,1.08365,1.08312,1,1.08365,1.08319,-1
2023-01-20 10:00:00,1.08365,1.08258,1.08365,1.08312,1,1.08365,1.08258,-1
2023-01-20 10:00:00,1.08365,1.08258,1.08365,1.08258,1,1.08365,1.08258,-1
2023-01-20 14:00:00,1.08365,1.08059,1.08365,1.08258,1,1.08141,1.08059,1
2023-01-20 18:00:00,1.08503,1.08258,1.08365,1.08258,2,1.08503,1.08371,1
2023-01-20 18:00:00,1.08503,1.08258,1.08503,1.08258,2,1.08503,1.08371,1
2023-01-22 22:00:00,1.08683,1.08258,1.08503,1.08258,2,1.08683,1.08611,1
2023-01-22 22:00:00,1.08683,1.08258,1.08683,1.08258,2,1.08683,1.08611,1
2023-01-23 02:00:00,1.08974,1.08258,1.08683,1.08258,2,1.08974,1.08931,1
2023-01-23 10:00:00,1.09152,1.08258,1.08683,1.08258,2,1.09152,1.09088,1
2023-01-24 02:00:00,1.09152,1.08258,1.08828,1.08258,2,1.08828,1.08806,1
2023-01-24 18:00:00,1.09152,1.08258,1.08887,1.08258,2,1.08887,1.08801,1
2023-01-25 22:00:00,1.09159,1.08258,1.08887,1.08258,2,1.09159,1.09137,1
2023-01-25 22:00:00,1.09159,1.08258,1.08887,1.09137,2,1.09159,1.09137,1
2023-01-26 02:00:00,1.09215,1.09137,1.08887,1.09137,2,1.09215,1.0917,-1
2023-01-26 02:00:00,1.09215,1.09137,1.09215,1.09137,2,1.09215,1.0917,-1
2023-01-26 10:00:00,1.09215,1.08936,1.09215,1.09137,-2,1.0902,1.08936,-1
2023-01-26 18:00:00,1.09215,1.08634,1.09215,1.09137,-2,1.08718,1.08634,-1
2023-01-27 14:00:00,1.09215,1.0845,1.09215,1.09137,-2,1.08684,1.0845,-1
2023-01-27 14:00:00,1.09215,1.0845,1.09215,1.0845,-2,1.08684,1.0845,-1
2023-01-29 22:00:00,1.09215,1.0845,1.09215,1.08595,-2,1.08665,1.08595,-1
2023-01-30 22:00:00,1.09215,1.0845,1.09215,1.08478,-2,1.0852,1.08478,-1
2023-01-31 06:00:00,1.09215,1.08315,1.09215,1.08478,1,1.08378,1.08315,-1
2023-01-31 06:00:00,1.09215,1.08315,1.09215,1.08315,1,1.08378,1.08315,-1
2023-01-31 10:00:00,1.09215,1.08237,1.09215,1.08315,1,1.08313,1.08237,1
2023-02-01 10:00:00,1.09215,1.08237,1.08894,1.08315,1,1.08894,1.08792,1
2023-02-01 14:00:00,1.09215,1.08237,1.09108,1.08315,1,1.09108,1.09023,1
2023-02-01 22:00:00,1.0989,1.08315,1.09108,1.08315,2,1.0989,1.09857,1
2023-02-02 02:00:00,1.10183,1.08315,1.09108,1.08315,1,1.10183,1.10117,1
2023-02-02 06:00:00,1.10216,1.08315,1.09108,1.08315,1,1.10216,1.10174,-1
2023-02-03 02:00:00,1.10216,1.08315,1.08959,1.08315,1,1.08959,1.08899,-1
2023-02-03 18:00:00,1.08959,1.08086,1.08959,1.08315,-2,1.08247,1.08086,-1
2023-02-05 22:00:00,1.08959,1.07817,1.08959,1.08315,-1,1.07911,1.07817,-1
2023-02-05 22:00:00,1.08959,1.07817,1.08959,1.07817,-1,1.07911,1.07817,-1
2023-02-06 02:00:00,1.08959,1.07817,1.08959,1.0782,-1,1.07908,1.0782,-1
2023-02-06 10:00:00,1.08959,1.07631,1.08959,1.0782,-2,1.07721,1.07631,-1
2023-02-06 14:00:00,1.08959,1.07513,1.08959,1.0782,-2,1.07619,1.07513,-1
2023-02-06 18:00:00,1.08959,1.071,1.08959,1.0782,-1,1.07178,1.071,-1
2023-02-06 22:00:00,1.08959,1.071,1.0728,1.0782,-1,1.0728,1.07242,-1
2023-02-07 06:00:00,1.08959,1.071,1.0728,1.07349,-1,1.0743,1.07349,-1
2023-02-07 10:00:00,1.0728,1.07096,1.0728,1.07349,-1,1.0718,1.07096,-1
2023-02-07 14:00:00,1.06992,1.06921,1.0728,1.07349,-1,1.06992,1.06921,1
2023-02-07 14:00:00,1.06992,1.06921,1.06992,1.07349,-1,1.06992,1.06921,1
2023-02-07 18:00:00,1.07623,1.07245,1.06992,1.07349,1,1.07623,1.07245,-1
2023-02-07 22:00:00,1.0726,1.07218,1.06992,1.07349,1,1.0726,1.07218,1
2023-02-07 22:00:00,1.0726,1.07218,1.06992,1.07218,1,1.0726,1.07218,1
2023-02-08 02:00:00,1.07296,1.07218,1.06992,1.07218,1,1.07296,1.07255,1
2023-02-08 06:00:00,1.07361,1.07218,1.06992,1.07218,1,1.07361,1.07318,1
2023-02-08 10:00:00,1.07555,1.07218,1.06992,1.07218,-1,1.07555,1.07459,-1
2023-02-08 14:00:00,1.07555,1.07218,1.07432,1.07218,-1,1.07432,1.07261,-1
2023-02-08 18:00:00,1.07555,1.07218,1.0739,1.07218,-1,1.0739,1.07273,-1
2023-02-08 22:00:00,1.0739,1.07099,1.0739,1.07218,1,1.0713,1.07099,1
2023-02-09 06:00:00,1.07396,1.07218,1.0739,1.07218,1,1.07396,1.07333,1
2023-02-09 10:00:00,1.07647,1.07218,1.0739,1.07218,1,1.07647,1.07589,1
2023-02-09 14:00:00,1.07907,1.07218,1.0739,1.07218,1,1.07907,1.07795,-1
2023-02-09 14:00:00,1.07907,1.07218,1.07907,1.07218,1,1.07907,1.07795,-1
2023-02-10 06:00:00,1.07907,1.07218,1.0729,1.07218,1,1.0729,1.07248,-1
2023-02-10 10:00:00,1.0729,1.06915,1.0729,1.07218,-2,1.0709,1.06915,-1
2023-02-10 10:00:00,1.0729,1.06915,1.0729,1.06915,-2,1.0709,1.06915,-1
2023-02-10 18:00:00,1.0729,1.06674,1.0729,1.06915,-2,1.06751,1.06674,-1
2023-02-12 22:00:00,1.0729,1.06674,1.06821,1.06915,-2,1.06821,1.0679,-1
2023-02-13 02:00:00,1.06821,1.06633,1.06821,1.06915,-2,1.06684,1.06633,1
2023-02-13 14:00:00,1.06822,1.06762,1.06821,1.06915,1,1.06822,1.06762,1
2023-02-13 18:00:00,1.07182,1.06915,1.06821,1.06915,1,1.07182,1.07115,1
2023-02-13 18:00:00,1.07182,1.06915,1.06821,1.07115,1,1.07182,1.07115,1
2023-02-13 22:00:00,1.07233,1.07115,1.06821,1.07115,1,1.07233,1.07208,1
2023-02-14 02:00:00,1.0733,1.07115,1.06821,1.07115,1,1.0733,1.07258,1
2023-02-14 02:00:00,1.0733,1.07115,1.0733,1.07115,1,1.0733,1.07258,1
2023-02-14 06:00:00,1.07394,1.07115,1.0733,1.07115,2,1.07394,1.07338,1
2023-02-14 06:00:00,1.07394,1.07115,1.0733,1.07338,2,1.07394,1.07338,1
2023-02-14 10:00:00,1.07662,1.07338,1.0733,1.07338,2,1.07662,1.07569,1
2023-02-14 14:00:00,1.07692,1.07349,1.0733,1.07338,-1,1.07692,1.07349,-1
2023-02-14 18:00:00,1.07454,1.07271,1.0733,1.07338,-1,1.07454,1.07271,-1
2023-02-14 18:00:00,1.07454,1.07271,1.07454,1.07338,-1,1.07454,1.07271,-1
2023-02-15 06:00:00,1.07454,1.07139,1.07454,1.07338,-1,1.07174,1.07139,-1
2023-02-15 14:00:00,1.07454,1.0678,1.07454,1.07338,-1,1.06889,1.0678,-1
2023-02-15 18:00:00,1.07454,1.06604,1.07454,1.07338,-1,1.06696,1.06604,-1
2023-02-15 18:00:00,1.07454,1.06604,1.07454,1.06604,-1,1.06696,1.06604,-1
2023-02-15 22:00:00,1.07454,1.06604,1.07454,1.06865,-1,1.06891,1.06865,-1
2023-02-16 06:00:00,1.07454,1.06604,1.07087,1.06865,-1,1.07087,1.07,-1
2023-02-16 18:00:00,1.07454,1.06604,1.0696,1.06865,-1,1.0696,1.0689,-1
2023-02-17 02:00:00,1.0696,1.06497,1.0696,1.06865,-2,1.06533,1.06497,-1
2023-02-17 06:00:00,1.0696,1.06347,1.0696,1.06865,-2,1.06387,1.06347,-1
2023-02-17 10:00:00,1.0696,1.06322,1.0696,1.06865,-2,1.06384,1.06322,-1
2023-02-17 10:00:00,1.0696,1.06322,1.0696,1.06322,-2,1.06384,1.06322,-1
2023-02-17 18:00:00,1.0696,1.06322,1.0696,1.06773,-2,1.06875,1.06773,-1
2023-02-19 22:00:00,1.0696,1.06322,1.0696,1.06844,-2,1.06884,1.06844,-1
2023-02-20 06:00:00,1.0696,1.06322,1.06936,1.06844,-2,1.06936,1.0689,-1
2023-02-20 10:00:00,1.0696,1.06322,1.06887,1.06844,-2,1.06887,1.0678,-1
2023-02-20 22:00:00,1.0696,1.06322,1.06887,1.06836,-2,1.06849,1.06836,-1
2023-02-21 22:00:00,1.0696,1.06322,1.06489,1.06836,-2,1.06489,1.0643,-1
2023-02-22 10:00:00,1.06489,1.06307,1.06489,1.06836,-1,1.0642,1.06307,1
2023-02-22 14:00:00,1.06494,1.06409,1.06489,1.06836,-1,1.06494,1.06409,-1
2023-02-22 18:00:00,1.06489,1.06258,1.06489,1.06836,-1,1.06311,1.06258,-1
2023-02-22 22:00:00,1.06489,1.06012,1.06489,1.06836,-1,1.06061,1.06012,-1
2023-02-22 22:00:00,1.06489,1.06012,1.06489,1.06012,-1,1.06061,1.06012,-1
2023-02-23 10:00:00,1.06489,1.0587,1.06489,1.06012,-2,1.05934,1.0587,-1
2023-02-23 10:00:00,1.06489,1.0587,1.06489,1.0587,-2,1.05934,1.0587,-1
2023-02-23 18:00:00,1.06489,1.05807,1.06489,1.0587,1,1.05887,1.05807,-1
2023-02-23 18:00:00,1.06489,1.05807,1.05887,1.0587,1,1.05887,1.05807,-1
2023-02-23 22:00:00,1.06489,1.05807,1.05887,1.05927,1,1.0596,1.05927,-1
2023-02-24 02:00:00,1.06489,1.05807,1.06061,1.05927,1,1.06061,1.06004,-1
2023-02-24 14:00:00,1.06061,1.05423,1.06061,1.05927,1,1.05549,1.05423,-1
2023-02-27 02:00:00,1.06061,1.05423,1.05598,1.05927,1,1.05598,1.05544,-1
2023-02-27 06:00:00,1.05598,1.05391,1.05598,1.05927,1,1.05478,1.05391,1
2023-02-27 06:00:00,1.05598,1.05391,1.05478,1.05927,1,1.05478,1.05391,1
2023-02-27 10:00:00,1.05598,1.05391,1.05478,1.05485,1,1.05527,1.05485,1
2023-02-27 14:00:00,1.05881,1.05485,1.05478,1.05485,2,1.05881,1.05773,1
2023-02-27 18:00:00,1.06044,1.05485,1.05478,1.05485,-1,1.06044,1.06008,1
2023-02-27 22:00:00,1.06088,1.05485,1.05478,1.05485,-1,1.06088,1.06014,1
2023-02-27 22:00:00,1.06088,1.05485,1.05478,1.06014,-1,1.06088,1.06014,1
2023-02-28 02:00:00,1.06088,1.05485,1.05478,1.05855,-1,1.05909,1.05855,1
2023-02-28 06:00:00,1.06088,1.05485,1.05478,1.05817,-1,1.0587,1.05817,1
2023-02-28 10:00:00,1.06147,1.05817,1.05478,1.05817,-1,1.06147,1.06056,1
2023-02-28 14:00:00,1.06406,1.05817,1.05478,1.05817,-1,1.06406,1.06305,-1
2023-02-28 14:00:00,1.06406,1.05817,1.06406,1.05817,-1,1.06406,1.06305,-1
2023-02-28 22:00:00,1.06406,1.05726,1.06406,1.05817,1,1.05766,1.05726,1
2023-02-28 22:00:00,1.06406,1.05726,1.06406,1.05726,1,1.05766,1.05726,1
2023-03-01 02:00:00,1.06406,1.05726,1.05863,1.05726,1,1.05863,1.05812,1
2023-03-01 06:00:00,1.06406,1.05726,1.05863,1.05891,1,1.05967,1.05891,1
2023-03-01 10:00:00,1.06487,1.05891,1.05863,1.05891,2,1.06487,1.06398,1
2023-03-01 10:00:00,1.06487,1.05891,1.05863,1.06398,2,1.06487,1.06398,1
2023-03-01 14:00:00,1.06745,1.06398,1.05863,1.06398,1,1.06745,1.06669,-1
2023-03-01 14:00:00,1.06745,1.06398,1.05863,1.06669,1,1.06745,1.06669,-1
2023-03-02 06:00:00,1.06418,1.06352,1.05863,1.06669,-2,1.06418,1.06352,-1
2023-03-02 06:00:00,1.06418,1.06352,1.05863,1.06352,-2,1.06418,1.06352,-1
2023-03-02 10:00:00,1.06316,1.0619,1.05863,1.06352,-2,1.06316,1.0619,-1
2023-03-02 10:00:00,1.06316,1.0619,1.05863,1.0619,-2,1.06316,1.0619,-1
2023-03-02 14:00:00,1.05995,1.05854,1.05863,1.0619,-1,1.05995,1.05854,-1
2023-03-02 18:00:00,1.05863,1.05764,1.05863,1.0619,1,1.0582,1.05764,1
2023-03-02 18:00:00,1.05863,1.05764,1.05863,1.05764,1,1.0582,1.05764,1
2023-03-02 22:00:00,1.05987,1.05764,1.05863,1.05764,2,1.05987,1.05946,1
2023-03-02 22:00:00,1.05987,1.05764,1.05987,1.05764,2,1.05987,1.05946,1
2023-03-03 02:00:00,1.06106,1.05764,1.05987,1.05764,1,1.06106,1.06074,1
2023-03-03 06:00:00,1.06149,1.05764,1.05987,1.05764,1,1.06149,1.06089,1
2023-03-03 10:00:00,1.06149,1.05764,1.05987,1.06003,1,1.06103,1.06003,1
2023-03-03 14:00:00,1.06294,1.06212,1.05987,1.06003,1,1.06294,1.06212,1
2023-03-03 18:00:00,1.06294,1.06212,1.06273,1.06003,1,1.06273,1.06229,1
2023-03-05 22:00:00,1.06294,1.06212,1.06273,1.06228,1,1.06286,1.06228,1
2023-03-06 02:00:00,1.06371,1.06228,1.06273,1.06228,1,1.06371,1.0629,1
2023-03-06 06:00:00,1.06522,1.06228,1.06273,1.06228,1,1.06522,1.06447,1
2023-03-06 06:00:00,1.06522,1.06228,1.06522,1.06228,1,1.06522,1.06447,1
2023-03-06 10:00:00,1.06522,1.06228,1.06522,1.06252,1,1.06324,1.06252,1
2023-03-06 14:00:00,1.06595,1.06252,1.06522,1.06252,2,1.06595,1.06502,1
2023-03-06 18:00:00,1.06857,1.06252,1.06522,1.06252,2,1.06857,1.06755,1
2023-03-06 18:00:00,1.06857,1.06252,1.06522,1.06755,2,1.06857,1.06755,1
2023-03-07 02:00:00,1.06925,1.06755,1.06522,1.06755,2,1.06925,1.06841,-1
2023-03-07 02:00:00,1.06925,1.06755,1.06925,1.06755,2,1.06925,1.06841,-1
2023-03-07 10:00:00,1.06925,1.06542,1.06925,1.06755,-2,1.06624,1.06542,-1
2023-03-07 10:00:00,1.06925,1.06542,1.06925,1.06542,-2,1.06624,1.06542,-1
2023-03-07 14:00:00,1.06925,1.06501,1.06925,1.06542,-2,1.0661,1.06501,-1
2023-03-07 18:00:00,1.06925,1.05628,1.06925,1.06542,-2,1.05736,1.05628,-1
2023-03-07 22:00:00,1.06925,1.05487,1.06925,1.06542,-2,1.05491,1.05487,-1
2023-03-08 02:00:00,1.06925,1.05428,1.06925,1.06542,-2,1.05469,1.05428,-1
2023-03-08 06:00:00,1.06925,1.05303,1.06925,1.06542,-1,1.05384,1.05303,1
2023-03-08 06:00:00,1.06925,1.05303,1.05384,1.06542,-1,1.05384,1.05303,1
2023-03-08 10:00:00,1.06925,1.05303,1.05384,1.05339,-1,1.05402,1.05339,1
2023-03-08 18:00:00,1.06925,1.05303,1.05384,1.05399,-1,1.05497,1.05399,1
2023-03-08 22:00:00,1.06925,1.05303,1.05384,1.05416,-1,1.05443,1.05416,1
2023-03-09 10:00:00,1.06925,1.05303,1.05384,1.05532,-1,1.05598,1.05532,1
2023-03-09 14:00:00,1.06925,1.05303,1.05798,1.05532,-1,1.05798,1.05665,1
2023-03-09 18:00:00,1.06925,1.05303,1.05852,1.05532,-1,1.05852,1.05728,1
2023-03-10 02:00:00,1.06925,1.05303,1.05958,1.05532,-1,1.05958,1.05926,1
2023-03-10 10:00:00,1.06925,1.05303,1.05958,1.05778,-1,1.05937,1.05778,1
2023-03-12 22:00:00,1.0703,1.05778,1.05958,1.05778,2,1.0703,1.06878,1
2023-03-12 22:00:00,1.0703,1.05778,1.0703,1.05778,2,1.0703,1.06878,1
2023-03-13 06:00:00,1.0729,1.05778,1.0703,1.05778,1,1.0729,1.07172,1
2023-03-13 14:00:00,1.0729,1.05778,1.07245,1.05778,1,1.07245,1.06979,1
2023-03-13 18:00:00,1.07425,1.05778,1.07245,1.05778,1,1.07425,1.0729,1
2023-03-13 18:00:00,1.07425,1.05778,1.07245,1.0729,1,1.07425,1.0729,1
2023-03-13 22:00:00,1.07425,1.05778,1.07245,1.07259,1,1.073,1.07259,1
2023-03-15 02:00:00,1.07587,1.07259,1.07245,1.07259,1,1.07587,1.07374,-1
2023-03-15 02:00:00,1.07587,1.07259,1.07587,1.07259,1,1.07587,1.07374,-1
2023-03-15 06:00:00,1.07587,1.07259,1.07411,1.07259,1,1.07411,1.07332,-1
2023-03-15 10:00:00,1.07411,1.067,1.07411,1.07259,-2,1.06842,1.067,-1
2023-03-15 14:00:00,1.07411,1.05293,1.07411,1.07259,-2,1.05645,1.05293,1
2023-03-15 14:00:00,1.07411,1.05293,1.05645,1.07259,-2,1.05645,1.05293,1
2023-03-15 22:00:00,1.07411,1.05293,1.05645,1.05739,-2,1.05798,1.05739,1
2023-03-16 02:00:00,1.07411,1.05293,1.05967,1.05739,-2,1.05967,1.05888,1
2023-03-16 10:00:00,1.07411,1.05293,1.06207,1.05739,-2,1.06207,1.0613,1
2023-03-16 18:00:00,1.07411,1.05293,1.06207,1.05915,-2,1.0604,1.05915,1
2023-03-17 06:00:00,1.07411,1.05293,1.06207,1.06444,-2,1.06485,1.06444,1
2023-03-17 14:00:00,1.07411,1.05293,1.06442,1.06444,-2,1.06442,1.06258,1
2023-03-19 22:00:00,1.07411,1.05293,1.06885,1.06444,-2,1.06885,1.06772,1
2023-03-20 06:00:00,1.07411,1.05293,1.0681,1.06444,-2,1.0681,1.06721,1
2023-03-20 18:00:00,1.07411,1.05293,1.0681,1.0714,-2,1.07207,1.0714,1
2023-03-21 06:00:00,1.07411,1.05293,1.07175,1.0714,-2,1.07175,1.07119,1
2023-03-21 10:00:00,1.07487,1.0714,1.07175,1.0714,2,1.07487,1.074,1
2023-03-21 14:00:00,1.07799,1.0714,1.07175,1.0714,1,1.07799,1.07648,1
2023-03-21 22:00:00,1.07799,1.0714,1.07696,1.0714,1,1.07696,1.07673,1
2023-03-22 10:00:00,1.07881,1.0714,1.07696,1.0714,1,1.07881,1.07795,1
2023-03-22 10:00:00,1.07881,1.0714,1.07696,1.07795,1,1.07881,1.07795,1
2023-03-22 14:00:00,1.07881,1.0714,1.07696,1.07756,1,1.07829,1.07756,1
2023-03-22 18:00:00,1.08586,1.07756,1.07696,1.07756,1,1.08586,1.07927,1
2023-03-22 22:00:00,1.08625,1.07756,1.07696,1.07756,2,1.08625,1.08574,1
2023-03-23 02:00:00,1.08885,1.07756,1.07696,1.07756,2,1.08885,1.08821,1
2023-03-23 06:00:00,1.0912,1.07756,1.07696,1.07756,2,1.0912,1.09033,-1
2023-03-23 06:00:00,1.0912,1.07756,1.07696,1.09033,2,1.0912,1.09033,-1
2023-03-23 22:00:00,1.0912,1.07756,1.08385,1.09033,2,1.08385,1.08322,-1
2023-03-24 02:00:00,1.0912,1.07756,1.08281,1.09033,2,1.08281,1.0824,-1
2023-03-24 10:00:00,1.08281,1.07256,1.08281,1.09033,-1,1.07388,1.07256,1
2023-03-24 14:00:00,1.08281,1.07256,1.07673,1.09033,-1,1.07673,1.07516,1
2023-03-24 18:00:00,1.08281,1.07256,1.07673,1.0754,-1,1.07618,1.0754,1
2023-03-27 18:00:00,1.08281,1.07256,1.07673,1.0789,-1,1.07945,1.0789,1
2023-03-27 22:00:00,1.08281,1.07256,1.08012,1.0789,-1,1.08012,1.07963,1
2023-03-28 14:00:00,1.08281,1.07256,1.08012,1.08163,-1,1.08263,1.08163,1
2023-03-28 18:00:00,1.08414,1.08163,1.08012,1.08163,2,1.08414,1.08355,1
2023-03-28 18:00:00,1.08414,1.08163,1.08012,1.08355,2,1.08414,1.08355,1
2023-03-28 22:00:00,1.08443,1.08355,1.08012,1.08355,2,1.08443,1.08415,1
2023-03-29 02:00:00,1.08462,1.08355,1.08012,1.08355,2,1.08462,1.08422,-1
2023-03-29 02:00:00,1.08462,1.08355,1.08462,1.08355,2,1.08462,1.08422,-1
2023-03-29 06:00:00,1.08462,1.08231,1.08462,1.08355,1,1.08342,1.08231,1
2023-03-29 06:00:00,1.08462,1.08231,1.08462,1.08231,1,1.08342,1.08231,1
2023-03-29 10:00:00,1.0861,1.08231,1.08462,1.08231,1,1.0861,1.08554,1
2023-03-30 06:00:00,1.0861,1.08231,1.08462,1.08324,1,1.0846,1.08324,1
2023-03-30 10:00:00,1.0866,1.08324,1.08462,1.08324,2,1.0866,1.086,1
2023-03-30 14:00:00,1.09209,1.08324,1.08462,1.08324,1,1.09209,1.09079,-1
2023-03-30 14:00:00,1.09209,1.08324,1.09209,1.08324,1,1.09209,1.09079,-1
2023-03-31 02:00:00,1.09209,1.08324,1.09209,1.09038,1,1.09092,1.09038,-1
2023-03-31 06:00:00,1.09209,1.08324,1.09209,1.08877,1,1.08981,1.08877,-1
2023-03-31 14:00:00,1.09209,1.08324,1.09018,1.08877,1,1.09018,1.08864,-1
2023-04-02 22:00:00,1.09018,1.0832,1.09018,1.08877,-1,1.08418,1.0832,-1
2023-04-03 02:00:00,1.09018,1.08028,1.09018,1.08877,-1,1.08079,1.08028,-1
2023-04-03 06:00:00,1.09018,1.07912,1.09018,1.08877,1,1.08011,1.07912,1
2023-04-03 14:00:00,1.09044,1.08852,1.09018,1.08877,-1,1.09044,1.08852,1
2023-04-03 22:00:00,1.09059,1.08877,1.09018,1.08877,1,1.09059,1.09008,-1
2023-04-03 22:00:00,1.09059,1.08877,1.09059,1.08877,1,1.09059,1.09008,-1
2023-04-04 06:00:00,1.09059,1.08853,1.09059,1.08877,1,1.08922,1.08853,1
2023-04-04 10:00:00,1.09336,1.08877,1.09059,1.08877,2,1.09336,1.09239,1
2023-04-04 14:00:00,1.09424,1.08877,1.09059,1.08877,2,1.09424,1.09038,1
2023-04-04 18:00:00,1.09495,1.08877,1.09059,1.08877,2,1.09495,1.0944,1
2023-04-04 18:00:00,1.09495,1.08877,1.09059,1.0944,2,1.09495,1.0944,1
2023-04-04 22:00:00,1.09565,1.0944,1.09059,1.0944,2,1.09565,1.09535,1
2023-04-05 02:00:00,1.09639,1.0944,1.09059,1.0944,2,1.09639,1.09577,1
2023-04-05 02:00:00,1.09639,1.0944,1.09639,1.0944,2,1.09639,1.09577,1
2023-04-05 06:00:00,1.09639,1.0944,1.09595,1.0944,2,1.09595,1.09496,1
2023-04-05 14:00:00,1.09668,1.09274,1.09595,1.0944,-1,1.09668,1.09274,-1
2023-04-05 14:00:00,1.09668,1.09274,1.09668,1.0944,-1,1.09668,1.09274,-1
2023-04-05 18:00:00,1.09668,1.09,1.09668,1.0944,-1,1.09033,1.09,-1
2023-04-06 02:00:00,1.09668,1.08907,1.09668,1.0944,-1,1.08933,1.08907,-1
2023-04-07 06:00:00,1.09668,1.08907,1.09668,1.09113,-1,1.09169,1.09113,-1
2023-04-07 10:00:00,1.09668,1.08907,1.09668,1.09104,-1,1.09144,1.09104,-1
2023-04-07 18:00:00,1.09668,1.08907,1.09668,1.09031,-1,1.09085,1.09031,-1
2023-04-10 14:00:00,1.09668,1.08324,1.09668,1.09031,-1,1.08434,1.08324,1
2023-04-10 18:00:00,1.09668,1.08324,1.08575,1.09031,-1,1.08575,1.08551,1
2023-04-11 06:00:00,1.09668,1.08324,1.08973,1.09031,-1,1.08973,1.08912,1
2023-04-11 14:00:00,1.09668,1.08324,1.09279,1.09031,-1,1.09279,1.09215,1
2023-04-11 18:00:00,1.09668,1.08324,1.09117,1.09031,-1,1.09117,1.09087,1
2023-04-12 06:00:00,1.09668,1.08324,1.09373,1.09031,-1,1.09373,1.09265,1
2023-04-12 10:00:00,1.09668,1.08324,1.09359,1.09031,-1,1.09359,1.09268,1
2023-04-12 14:00:00,1.09939,1.09031,1.09359,1.09031,1,1.09939,1.09724,1
2023-04-12 18:00:00,1.09999,1.09031,1.09359,1.09031,1,1.09999,1.09933,1
2023-04-13 06:00:00,1.09999,1.09031,1.09359,1.09827,1,1.09861,1.09827,1
2023-04-13 10:00:00,1.10266,1.09827,1.09359,1.09827,1,1.10266,1.10227,1
2023-04-13 14:00:00,1.10657,1.09827,1.09359,1.09827,1,1.10657,1.10497,1
2023-04-14 02:00:00,1.10751,1.09827,1.09359,1.09827,1,1.10751,1.10631,1
2023-04-14 02:00:00,1.10751,1.09827,1.10751,1.09827,1,1.10751,1.10631,1
2023-04-14 06:00:00,1.10758,1.09827,1.10751,1.09827,-1,1.10758,1.1067,-1
2023-04-14 06:00:00,1.10758,1.09827,1.10758,1.09827,-1,1.10758,1.1067,-1
2023-04-17 02:00:00,1.10758,1.0971,1.10758,1.09827,-1,1.09756,1.0971,-1
2023-04-17 10:00:00,1.10758,1.0971,1.10758,1.09722,-1,1.09804,1.09722,-1
2023-04-17 14:00:00,1.10758,1.09193,1.10758,1.09722,-1,1.09358,1.09193,-1
2023-04-17 18:00:00,1.10758,1.0919,1.10758,1.09722,1,1.09236,1.0919,1
2023-04-17 18:00:00,1.10758,1.0919,1.10758,1.0919,1,1.09236,1.0919,1
2023-04-17 22:00:00,1.10758,1.0919,1.09283,1.0919,1,1.09283,1.0925,1
2023-04-18 02:00:00,1.10758,1.0919,1.0936,1.0919,1,1.0936,1.09279,1
2023-04-18 10:00:00,1.10758,1.0919,1.0936,1.0969,1,1.09752,1.0969,1
2023-04-18 22:00:00,1.10758,1.0919,1.09753,1.0969,1,1.09753,1.0971,1
2023-04-19 02:00:00,1.10758,1.0919,1.09753,1.09649,1,1.09696,1.09649,1
2023-04-19 06:00:00,1.10758,1.0919,1.09703,1.09649,1,1.09703,1.09554,1
2023-04-19 14:00:00,1.10758,1.0919,1.09793,1.09649,1,1.09793,1.096,1
2023-04-19 18:00:00,1.10758,1.0919,1.09605,1.09649,1,1.09605,1.09545,1
2023-04-19 22:00:00,1.10758,1.0919,1.0957,1.09649,1,1.0957,1.09556,1
2023-04-20 14:00:00,1.10758,1.0919,1.09895,1.09649,1,1.09895,1.0971,1
2023-04-20 18:00:00,1.10758,1.0919,1.09725,1.09649,1,1.09725,1.09682,1
2023-04-21 02:00:00,1.10758,1.0919,1.09703,1.09649,1,1.09703,1.09645,1
2023-04-21 10:00:00,1.10758,1.0919,1.09703,1.0949,1,1.09635,1.0949,1
2023-04-21 14:00:00,1.10758,1.0919,1.09703,1.09425,1,1.09598,1.09425,1
2023-04-23 22:00:00,1.10758,1.0919,1.09703,1.09864,1,1.09909,1.09864,1
2023-04-24 02:00:00,1.10758,1.0919,1.09703,1.09866,1,1.09907,1.09866,1
2023-04-24 10:00:00,1.10758,1.0919,1.09703,1.09988,1,1.10081,1.09988,1
2023-04-25 06:00:00,1.10758,1.0919,1.10564,1.09988,1,1.10564,1.10484,1
2023-04-26 14:00:00,1.10858,1.09988,1.10564,1.09988,-1,1.10858,1.1072,-1
2023-04-26 22:00:00,1.10858,1.09988,1.10443,1.09988,-1,1.10443,1.10351,-1
2023-04-28 10:00:00,1.10443,1.09826,1.10443,1.09988,1,1.09899,1.09826,-1
2023-04-28 10:00:00,1.10443,1.09826,1.10443,1.09826,1,1.09899,1.09826,-1
2023-04-28 14:00:00,1.10443,1.09826,1.10443,1.09907,1,1.10122,1.09907,-1
2023-04-30 22:00:00,1.10443,1.09826,1.1022,1.09907,1,1.1022,1.10133,-1
2023-05-01 10:00:00,1.10443,1.09826,1.10068,1.09907,1,1.10068,1.10019,-1
2023-05-01 18:00:00,1.10068,1.09687,1.10068,1.09907,1,1.09753,1.09687,-1
2023-05-01 22:00:00,1.10068,1.09687,1.0976,1.09907,1,1.0976,1.09733,-1
2023-05-02 06:00:00,1.10068,1.09687,1.0976,1.0983,1,1.09917,1.0983,-1
2023-05-02 10:00:00,1.0976,1.0948,1.0976,1.0983,1,1.09597,1.0948,-1
2023-05-02 10:00:00,1.0976,1.0948,1.0976,1.0948,1,1.09597,1.0948,-1
2023-05-02 14:00:00,1.0976,1.09431,1.0976,1.0948,1,1.09713,1.09431,1
2023-05-02 18:00:00,1.10008,1.0948,1.0976,1.0948,2,1.10008,1.09971,1
2023-05-02 18:00:00,1.10008,1.0948,1.0976,1.09971,2,1.10008,1.09971,1
2023-05-02 22:00:00,1.1003,1.09971,1.0976,1.09971,2,1.1003,1.10003,1
2023-05-03 02:00:00,1.10245,1.09971,1.0976,1.09971,2,1.10245,1.10207,1
2023-05-03 02:00:00,1.10245,1.09971,1.10245,1.09971,2,1.10245,1.10207,1
2023-05-03 10:00:00,1.10404,1.09971,1.10245,1.09971,2,1.10404,1.10338,1
2023-05-03 14:00:00,1.10537,1.09971,1.10245,1.09971,2,1.10537,1.10316,1
2023-05-03 18:00:00,1.10916,1.09971,1.10245,1.09971,2,1.10916,1.10472,-1
2023-05-03 18:00:00,1.10916,1.09971,1.10916,1.09971,2,1.10916,1.10472,-1
2023-05-03 22:00:00,1.10916,1.09971,1.1078,1.09971,2,1.1078,1.10607,-1
2023-05-04 22:00:00,1.10916,1.09971,1.1078,1.10095,2,1.10128,1.10095,-1
2023-05-05 02:00:00,1.10916,1.09971,1.10372,1.10095,2,1.10372,1.10312,-1
2023-05-05 14:00:00,1.10372,1.09853,1.10372,1.10095,1,1.09936,1.09853,1
2023-05-07 22:00:00,1.10372,1.09853,1.10228,1.10095,1,1.10228,1.10193,1
2023-05-08 06:00:00,1.10461,1.10095,1.10228,1.10095,1,1.10461,1.10374,-1
2023-05-08 18:00:00,1.10228,1.1005,1.10228,1.10095,-2,1.10156,1.1005,-1
2023-05-08 18:00:00,1.10228,1.1005,1.10228,1.1005,-2,1.10156,1.1005,-1
2023-05-08 22:00:00,1.10228,1.10028,1.10228,1.1005,-2,1.10042,1.10028,-1
2023-05-09 02:00:00,1.10228,1.09849,1.10228,1.1005,-2,1.09891,1.09849,-1
2023-05-09 02:00:00,1.10228,1.09849,1.10228,1.09849,-2,1.09891,1.09849,-1
2023-05-09 10:00:00,1.10228,1.0979,1.10228,1.09849,-2,1.0984,1.0979,-1
2023-05-09 14:00:00,1.10228,1.09549,1.10228,1.09849,-2,1.09633,1.09549,-1
2023-05-09 22:00:00,1.10228,1.09545,1.10228,1.09849,-2,1.0964,1.09545,-1
2023-05-10 10:00:00,1.10228,1.09545,1.09604,1.09849,-2,1.09604,1.09556,-1
2023-05-10 22:00:00,1.10228,1.09545,1.09855,1.09849,-2,1.09855,1.09813,-1
2023-05-11 10:00:00,1.09855,1.09201,1.09855,1.09849,-2,1.09309,1.09201,-1
2023-05-11 10:00:00,1.09855,1.09201,1.09309,1.09849,-2,1.09309,1.09201,-1
2023-05-11 14:00:00,1.09309,1.09,1.09309,1.09849,-2,1.09095,1.09,-1
2023-05-11 14:00:00,1.09309,1.09,1.09309,1.09,-2,1.09095,1.09,-1
2023-05-11 22:00:00,1.09309,1.09,1.09309,1.09141,-2,1.09181,1.09141,-1
2023-05-12 06:00:00,1.09309,1.09,1.09309,1.09195,-2,1.09258,1.09195,-1
2023-05-12 14:00:00,1.09309,1.08795,1.09309,1.09195,-2,1.08973,1.08795,-1
2023-05-12 14:00:00,1.09309,1.08795,1.08973,1.09195,-2,1.08973,1.08795,-1
2023-05-12 18:00:00,1.08973,1.08518,1.08973,1.09195,-2,1.08545,1.08518,-1
2023-05-14 22:00:00,1.08973,1.08453,1.08973,1.09195,1,1.0854,1.08453,-1
2023-05-14 22:00:00,1.08973,1.08453,1.08973,1.08453,1,1.0854,1.08453,-1
2023-05-16 02:00:00,1.08973,1.08453,1.08973,1.08682,1,1.08774,1.08682,-1
2023-05-16 10:00:00,1.08973,1.08453,1.08973,1.089,1,1.08939,1.089,-1
2023-05-16 18:00:00,1.08973,1.08453,1.08973,1.08644,1,1.08674,1.08644,-1
2023-05-17 06:00:00,1.08973,1.08453,1.08973,1.08501,1,1.08551,1.08501,-1
2023-05-17 10:00:00,1.08973,1.08268,1.08973,1.08501,-1,1.08311,1.08268,-1
2023-05-17 14:00:00,1.08973,1.08102,1.08973,1.08501,-1,1.0819,1.08102,-1
2023-05-17 14:00:00,1.08973,1.08102,1.08973,1.08102,-1,1.0819,1.08102,-1
2023-05-18 06:00:00,1.08973,1.08102,1.08973,1.08258,-1,1.08345,1.08258,-1
2023-05-18 14:00:00,1.08973,1.07764,1.08973,1.08258,-2,1.07832,1.07764,-1
2023-05-18 18:00:00,1.08973,1.07649,1.08973,1.08258,-2,1.07682,1.07649,-1
2023-05-19 02:00:00,1.08973,1.07606,1.08973,1.08258,-2,1.07645,1.07606,-1
2023-05-19 14:00:00,1.08973,1.07606,1.08973,1.07863,-2,1.07951,1.07863,-1
2023-05-22 02:00:00,1.08973,1.07606,1.08973,1.08189,-2,1.08256,1.08189,-1
2023-05-22 06:00:00,1.08973,1.07606,1.08973,1.08072,-2,1.08175,1.08072,-1
2023-05-22 14:00:00,1.08973,1.07606,1.08242,1.08072,-2,1.08242,1.0805,-1
2023-05-22 18:00:00,1.08973,1.07606,1.08216,1.08072,-2,1.08216,1.0818,-1
2023-05-23 02:00:00,1.08973,1.07606,1.08216,1.08025,-2,1.08062,1.08025,-1
2023-05-23 22:00:00,1.08973,1.07606,1.07732,1.08025,-2,1.07732,1.07705,-1
2023-05-24 02:00:00,1.08973,1.07606,1.07732,1.07688,-2,1.07738,1.07688,-1
2023-05-24 10:00:00,1.07736,1.07565,1.07732,1.07688,-2,1.07736,1.07565,1
2023-05-24 14:00:00,1.07772,1.07676,1.07732,1.07688,-2,1.07772,1.07676,-1
2023-05-24 18:00:00,1.07732,1.07519,1.07732,1.07688,-2,1.07626,1.07519,-1
2023-05-24 18:00:00,1.07732,1.07519,1.07732,1.07519,-2,1.07626,1.07519,-1
2023-05-24 22:00:00,1.07732,1.07485,1.07732,1.07519,-2,1.07531,1.07485,-1
2023-05-25 02:00:00,1.07732,1.07405,1.07732,1.07519,-2,1.07446,1.07405,-1
2023-05-25 06:00:00,1.07732,1.07281,1.07732,1.07519,-2,1.07398,1.07281,-1
2023-05-25 06:00:00,1.07732,1.07281,1.07398,1.07519,-2,1.07398,1.07281,-1
2023-05-25 10:00:00,1.07398,1.07252,1.07398,1.07519,-2,1.07325,1.07252,-1
2023-05-25 14:00:00,1.07398,1.07132,1.07398,1.07519,1,1.07301,1.07132,1
2023-05-25 18:00:00,1.07398,1.07132,1.07292,1.07519,1,1.07292,1.07241,1
2023-05-25 22:00:00,1.07398,1.07132,1.07278,1.07519,1,1.07278,1.07243,1
2023-05-26 02:00:00,1.07398,1.07132,1.07373,1.07519,1,1.07373,1.07322,1
2023-05-26 14:00:00,1.07407,1.07227,1.07373,1.07519,-1,1.07407,1.07227,-1
2023-05-26 14:00:00,1.07407,1.07227,1.07407,1.07519,-1,1.07407,1.07227,-1
2023-05-28 22:00:00,1.07407,1.07211,1.07407,1.07519,-1,1.07292,1.07211,1
2023-05-28 22:00:00,1.07407,1.07211,1.07292,1.07519,-1,1.07292,1.07211,1
2023-05-29 06:00:00,1.0741,1.07362,1.07292,1.07519,-1,1.0741,1.07362,-1
2023-05-29 10:00:00,1.07292,1.07145,1.07292,1.07519,-1,1.07179,1.07145,-1
2023-05-29 14:00:00,1.07292,1.07082,1.07292,1.07519,-1,1.07108,1.07082,-1
2023-05-29 22:00:00,1.07292,1.07082,1.07122,1.07519,-1,1.07122,1.07083,-1
2023-05-30 06:00:00,1.07122,1.06847,1.07122,1.07519,-1,1.06905,1.06847,1
2023-05-30 10:00:00,1.07317,1.07194,1.07122,1.07519,1,1.07317,1.07194,1
2023-05-30 14:00:00,1.0735,1.07227,1.07122,1.07519,1,1.0735,1.07227,-1
2023-05-30 18:00:00,1.07172,1.07141,1.07122,1.07519,1,1.07172,1.07141,1
2023-05-30 18:00:00,1.07172,1.07141,1.07122,1.07141,1,1.07172,1.07141,1
2023-05-30 22:00:00,1.0734,1.07141,1.07122,1.07141,1,1.0734,1.07321,-1
2023-05-31 02:00:00,1.07147,1.07092,1.07122,1.07141,-2,1.07147,1.07092,-1
2023-05-31 06:00:00,1.07122,1.06886,1.07122,1.07141,-2,1.06979,1.06886,-1
2023-05-31 10:00:00,1.07122,1.06699,1.07122,1.07141,-2,1.06762,1.06699,-1
2023-05-31 14:00:00,1.07122,1.0663,1.07122,1.07141,-2,1.06916,1.0663,-1
2023-05-31 18:00:00,1.07122,1.06629,1.07122,1.07141,1,1.0672,1.06629,1
2023-06-01 06:00:00,1.07122,1.06629,1.07122,1.06732,1,1.06807,1.06732,1
2023-06-01 14:00:00,1.07417,1.06732,1.07122,1.06732,2,1.07417,1.07213,1
2023-06-01 14:00:00,1.07417,1.06732,1.07417,1.06732,2,1.07417,1.07213,1
2023-06-01 18:00:00,1.07657,1.06732,1.07417,1.06732,1,1.07657,1.07626,1
2023-06-01 22:00:00,1.07657,1.06732,1.07417,1.07578,1,1.07625,1.07578,1
2023-06-02 06:00:00,1.07789,1.07578,1.07417,1.07578,1,1.07789,1.07704,-1
2023-06-02 06:00:00,1.07789,1.07578,1.07789,1.07578,1,1.07789,1.07704,-1
2023-06-02 14:00:00,1.07789,1.074,1.07789,1.07578,-2,1.07496,1.074,-1
2023-06-02 18:00:00,1.07789,1.07055,1.07789,1.07578,-2,1.07106,1.07055,-1
2023-06-02 18:00:00,1.07789,1.07055,1.07789,1.07055,-2,1.07106,1.07055,-1
2023-06-04 22:00:00,1.07789,1.07039,1.07789,1.07055,-1,1.07071,1.07039,-1
2023-06-04 22:00:00,1.07789,1.07039,1.07789,1.07039,-1,1.07071,1.07039,-1
2023-06-05 02:00:00,1.07789,1.07008,1.07789,1.07039,-2,1.07045,1.07008,-1
2023-06-05 02:00:00,1.07789,1.07008,1.07045,1.07039,-2,1.07045,1.07008,-1
2023-06-05 06:00:00,1.07045,1.06943,1.07045,1.07039,-2,1.07012,1.06943,-1
2023-06-05 10:00:00,1.07045,1.06885,1.07045,1.07039,-2,1.06933,1.06885,1
2023-06-05 14:00:00,1.07224,1.06797,1.07045,1.07039,1,1.07224,1.06797,1
2023-06-05 14:00:00,1.07224,1.06797,1.07224,1.07039,1,1.07224,1.06797,1
2023-06-05 22:00:00,1.07224,1.06797,1.07142,1.07039,1,1.07142,1.07107,1
2023-06-06 02:00:00,1.07246,1.07039,1.07142,1.07039,-1,1.07246,1.07153,1
2023-06-06 02:00:00,1.07246,1.07039,1.07246,1.07039,-1,1.07246,1.07153,1
2023-06-06 06:00:00,1.07279,1.07039,1.07246,1.07039,-1,1.07279,1.07212,-1
2023-06-06 06:00:00,1.07279,1.07039,1.07246,1.07212,-1,1.07279,1.07212,-1
2023-06-06 10:00:00,1.07246,1.06836,1.07246,1.07212,-1,1.06926,1.06836,-1
2023-06-06 14:00:00,1.07246,1.06709,1.07246,1.07212,1,1.06823,1.06709,1
2023-06-06 22:00:00,1.07246,1.06709,1.06953,1.07212,1,1.06953,1.0693,1
2023-06-07 14:00:00,1.07396,1.07212,1.06953,1.07212,-1,1.07396,1.07228,-1
2023-06-07 14:00:00,1.07396,1.07212,1.07396,1.07212,-1,1.07396,1.07228,-1
2023-06-07 18:00:00,1.07396,1.06972,1.07396,1.07212,-1,1.07016,1.06972,1
2023-06-08 02:00:00,1.07396,1.06972,1.07114,1.07212,-1,1.07114,1.07072,1
2023-06-08 10:00:00,1.07396,1.06972,1.0733,1.07212,-1,1.0733,1.07286,1
2023-06-08 14:00:00,1.07723,1.07212,1.0733,1.07212,2,1.07723,1.07646,1
2023-06-08 18:00:00,1.07802,1.07212,1.0733,1.07212,2,1.07802,1.07778,1
2023-06-08 18:00:00,1.07802,1.07212,1.0733,1.07778,2,1.07802,1.07778,1
2023-06-08 22:00:00,1.07832,1.07778,1.0733,1.07778,2,1.07832,1.07808,-1
2023-06-08 22:00:00,1.07832,1.07778,1.0733,1.07808,2,1.07832,1.07808,-1
2023-06-09 06:00:00,1.07819,1.07725,1.0733,1.07808,-2,1.07819,1.07725,-1
2023-06-09 06:00:00,1.07819,1.07725,1.0733,1.07725,-2,1.07819,1.07725,-1
2023-06-09 10:00:00,1.07611,1.07564,1.0733,1.07725,-2,1.07611,1.07564,1
2023-06-09 10:00:00,1.07611,1.07564,1.0733,1.07564,-2,1.07611,1.07564,1
2023-06-09 14:00:00,1.0772,1.07564,1.0733,1.07564,-2,1.0772,1.07663,-1
2023-06-09 18:00:00,1.07503,1.07478,1.0733,1.07564,-2,1.07503,1.07478,-1
2023-06-11 22:00:00,1.07492,1.07452,1.0733,1.07564,1,1.07492,1.07452,-1
2023-06-11 22:00:00,1.07492,1.07452,1.07492,1.07564,1,1.07492,1.07452,-1
2023-06-12 02:00:00,1.07492,1.07355,1.07492,1.07564,1,1.07384,1.07355,1
2023-06-12 06:00:00,1.07533,1.0749,1.07492,1.07564,1,1.07533,1.0749,1
2023-06-12 10:00:00,1.07875,1.07564,1.07492,1.07564,1,1.07875,1.07782,-1
2023-06-12 14:00:00,1.07616,1.07521,1.07492,1.07564,1,1.07616,1.07521,-1
2023-06-12 18:00:00,1.07557,1.07517,1.07492,1.07564,1,1.07557,1.07517,1
2023-06-12 22:00:00,1.07598,1.07564,1.07492,1.07564,1,1.07598,1.07566,1
2023-06-13 02:00:00,1.07689,1.07564,1.07492,1.07564,1,1.07689,1.0766,1
2023-06-13 06:00:00,1.07949,1.07564,1.07492,1.07564,1,1.07949,1.07814,1
2023-06-13 06:00:00,1.07949,1.07564,1.07492,1.07814,1,1.07949,1.07814,1
2023-06-13 10:00:00,1.08068,1.07814,1.07492,1.07814,1,1.08068,1.08026,-1
2023-06-13 14:00:00,1.07943,1.07781,1.07492,1.07814,1,1.07943,1.07781,-1
2023-06-13 14:00:00,1.07943,1.07781,1.07492,1.07781,1,1.07943,1.07781,-1
2023-06-13 22:00:00,1.07943,1.07781,1.07922,1.07781,1,1.07922,1.0789,-1
2023-06-14 06:00:00,1.07922,1.07763,1.07922,1.07781,1,1.07837,1.07763,1
2023-06-14 10:00:00,1.08063,1.07781,1.07922,1.07781,2,1.08063,1.08021,1
2023-06-14 10:00:00,1.08063,1.07781,1.07922,1.08021,2,1.08063,1.08021,1
2023-06-14 14:00:00,1.0845,1.08021,1.07922,1.08021,2,1.0845,1.08414,1
2023-06-14 18:00:00,1.08545,1.08013,1.07922,1.08021,-1,1.08545,1.08013,1
2023-06-14 18:00:00,1.08545,1.08013,1.07922,1.08013,-1,1.08545,1.08013,1
2023-06-15 02:00:00,1.08545,1.08013,1.07922,1.08081,-1,1.08157,1.08081,1
2023-06-15 10:00:00,1.08545,1.08013,1.08487,1.08081,-1,1.08487,1.08391,1
2023-06-15 14:00:00,1.09117,1.08081,1.08487,1.08081,-1,1.09117,1.0899,1
2023-06-15 18:00:00,1.09463,1.08081,1.08487,1.08081,-1,1.09463,1.09418,1
2023-06-15 18:00:00,1.09463,1.08081,1.08487,1.09418,-1,1.09463,1.09418,1
2023-06-15 22:00:00,1.0948,1.09418,1.08487,1.09418,1,1.0948,1.09437,1
2023-06-15 22:00:00,1.0948,1.09418,1.0948,1.09418,1,1.0948,1.09437,1
2023-06-16 06:00:00,1.09485,1.09392,1.0948,1.09418,1,1.09485,1.09392,1
2023-06-16 06:00:00,1.09485,1.09392,1.0948,1.09392,1,1.09485,1.09392,1
2023-06-16 10:00:00,1.09492,1.09392,1.0948,1.09392,1,1.09492,1.09462,1
2023-06-16 14:00:00,1.0967,1.09416,1.0948,1.09392,-1,1.0967,1.09416,-1
2023-06-16 14:00:00,1.0967,1.09416,1.0967,1.09392,-1,1.0967,1.09416,-1
2023-06-16 18:00:00,1.0967,1.09385,1.0967,1.09392,-1,1.09414,1.09385,-1
2023-06-18 22:00:00,1.0967,1.09348,1.0967,1.09392,-1,1.09429,1.09348,-1
2023-06-18 22:00:00,1.0967,1.09348,1.09429,1.09392,-1,1.09429,1.09348,-1
2023-06-19 06:00:00,1.09429,1.09332,1.09429,1.09392,-1,1.09402,1.09332,-1
2023-06-19 10:00:00,1.09429,1.0907,1.09429,1.09392,-1,1.09163,1.0907,-1
2023-06-19 10:00:00,1.09429,1.0907,1.09429,1.0907,-1,1.09163,1.0907,-1
2023-06-19 18:00:00,1.09429,1.0907,1.0921,1.0907,-1,1.0921,1.09172,-1
2023-06-20 02:00:00,1.09429,1.0907,1.0921,1.09106,-1,1.09141,1.09106,-1
2023-06-20 18:00:00,1.09429,1.0907,1.0921,1.09114,-1,1.09164,1.09114,-1
2023-06-21 06:00:00,1.0921,1.09058,1.0921,1.09114,1,1.09157,1.09058,1
2023-06-21 06:00:00,1.0921,1.09058,1.0921,1.09058,1,1.09157,1.09058,1
2023-06-21 10:00:00,1.0921,1.09058,1.0921,1.09135,1,1.09206,1.09135,1
2023-06-21 14:00:00,1.09299,1.09135,1.0921,1.09135,2,1.09299,1.09229,1
2023-06-21 18:00:00,1.09837,1.09135,1.0921,1.09135,2,1.09837,1.09761,1
2023-06-21 22:00:00,1.09888,1.09135,1.0921,1.09135,2,1.09888,1.09833,1
2023-06-22 02:00:00,1.09936,1.09135,1.0921,1.09135,2,1.09936,1.09883,1
2023-06-22 02:00:00,1.09936,1.09135,1.0921,1.09883,2,1.09936,1.09883,1
2023-06-22 06:00:00,1.09936,1.09135,1.09905,1.09883,2,1.09905,1.09832,1
2023-06-22 10:00:00,1.10063,1.09883,1.09905,1.09883,2,1.10063,1.10002,-1
2023-06-22 14:00:00,1.09905,1.09763,1.09905,1.09883,-2,1.0989,1.09763,-1
2023-06-22 14:00:00,1.09905,1.09763,1.0989,1.09883,-2,1.0989,1.09763,-1
2023-06-22 18:00:00,1.0989,1.09536,1.0989,1.09883,-2,1.09603,1.09536,-1
2023-06-22 18:00:00,1.0989,1.09536,1.09603,1.09883,-2,1.09603,1.09536,-1
2023-06-23 02:00:00,1.09603,1.0938,1.09603,1.09883,-2,1.09467,1.0938,-1
2023-06-23 06:00:00,1.09603,1.09271,1.09603,1.09883,-2,1.09333,1.09271,-1
2023-06-23 06:00:00,1.09603,1.09271,1.09333,1.09883,-2,1.09333,1.09271,-1
2023-06-23 10:00:00,1.09333,1.08606,1.09333,1.09883,-1,1.08644,1.08606,1
2023-06-23 14:00:00,1.09333,1.08606,1.09333,1.08807,-1,1.08984,1.08807,1
2023-06-25 22:00:00,1.09333,1.08606,1.09333,1.08978,-1,1.09064,1.08978,1
2023-06-26 02:00:00,1.09333,1.08606,1.09333,1.09032,-1,1.09068,1.09032,1
2023-06-26 06:00:00,1.09333,1.08606,1.09109,1.09032,-1,1.09109,1.09044,1
2023-06-26 10:00:00,1.09333,1.08606,1.09109,1.08939,-1,1.08999,1.08939,1
2023-06-26 18:00:00,1.09333,1.08606,1.09109,1.09084,-1,1.09117,1.09084,1
2023-06-27 06:00:00,1.09333,1.08606,1.09109,1.09161,-1,1.0925,1.09161,1
2023-06-27 10:00:00,1.09456,1.09161,1.09109,1.09161,2,1.09456,1.09407,1
2023-06-27 14:00:00,1.09681,1.09161,1.09109,1.09161,1,1.09681,1.09422,-1
2023-06-27 14:00:00,1.09681,1.09161,1.09109,1.09422,1,1.09681,1.09422,-1
2023-06-27 22:00:00,1.09681,1.09161,1.09627,1.09422,1,1.09627,1.09598,-1
2023-06-28 06:00:00,1.09681,1.09161,1.09548,1.09422,1,1.09548,1.09504,-1
2023-06-28 14:00:00,1.09548,1.09149,1.09548,1.09422,-1,1.09367,1.09149,-1
2023-06-28 22:00:00,1.09548,1.09125,1.09548,1.09422,-2,1.09153,1.09125,-1
2023-06-28 22:00:00,1.09548,1.09125,1.09153,1.09422,-2,1.09153,1.09125,-1
2023-06-29 02:00:00,1.09153,1.08939,1.09153,1.09422,-2,1.09064,1.08939,-1
2023-06-29 06:00:00,1.09153,1.08917,1.09153,1.09422,-2,1.08981,1.08917,1
2023-06-29 06:00:00,1.09153,1.08917,1.08981,1.09422,-2,1.08981,1.08917,1
2023-06-29 10:00:00,1.09214,1.09163,1.08981,1.09422,-1,1.09214,1.09163,-1
2023-06-29 14:00:00,1.08981,1.08689,1.08981,1.09422,-2,1.08834,1.08689,-1
2023-06-29 18:00:00,1.08981,1.08689,1.08981,1.08692,-2,1.08726,1.08692,-1
2023-06-29 22:00:00,1.08981,1.08628,1.08981,1.08692,-2,1.08647,1.08628,-1
2023-06-30 02:00:00,1.08981,1.08611,1.08981,1.08692,-2,1.08682,1.08611,-1
2023-06-30 06:00:00,1.08981,1.08599,1.08981,1.08692,-2,1.08696,1.08599,-1
2023-06-30 10:00:00,1.08981,1.08422,1.08981,1.08692,1,1.0847,1.08422,1
2023-06-30 14:00:00,1.09267,1.08692,1.08981,1.08692,1,1.09267,1.0913,1
2023-07-02 22:00:00,1.09267,1.08692,1.08981,1.09084,1,1.09127,1.09084,1
2023-07-03 14:00:00,1.09339,1.09084,1.08981,1.09084,-1,1.09339,1.09132,-1
2023-07-03 14:00:00,1.09339,1.09084,1.09339,1.09084,-1,1.09339,1.09132,-1
2023-07-04 02:00:00,1.09339,1.09058,1.09339,1.09084,-2,1.09113,1.09058,-1
2023-07-04 06:00:00,1.09339,1.08951,1.09339,1.09084,-2,1.09021,1.08951,-1
2023-07-04 10:00:00,1.09339,1.08951,1.09339,1.08954,-2,1.09002,1.08954,-1
2023-07-04 18:00:00,1.09339,1.08935,1.09339,1.08954,-2,1.08955,1.08935,-1
2023-07-04 22:00:00,1.09339,1.08773,1.09339,1.08954,-2,1.08794,1.08773,-1
2023-07-04 22:00:00,1.09339,1.08773,1.09339,1.08773,-2,1.08794,1.08773,-1
2023-07-05 02:00:00,1.09339,1.0875,1.09339,1.08773,1,1.0878,1.0875,-1
2023-07-05 02:00:00,1.09339,1.0875,1.09339,1.0875,1,1.0878,1.0875,-1
2023-07-05 06:00:00,1.09339,1.0875,1.08845,1.0875,1,1.08845,1.08773,-1
2023-07-05 18:00:00,1.08845,1.08593,1.08845,1.0875,-2,1.08653,1.08593,-1
2023-07-05 18:00:00,1.08845,1.08593,1.08653,1.0875,-2,1.08653,1.08593,-1
2023-07-05 22:00:00,1.08653,1.08541,1.08653,1.0875,-2,1.08565,1.08541,-1
2023-07-06 02:00:00,1.08653,1.08491,1.08653,1.0875,-2,1.0852,1.08491,1
2023-07-06 10:00:00,1.08693,1.08612,1.08653,1.0875,2,1.08693,1.08612,1
2023-07-06 14:00:00,1.08828,1.08461,1.08653,1.0875,1,1.08828,1.08461,1
2023-07-06 22:00:00,1.08905,1.0875,1.08653,1.0875,1,1.08905,1.08884,1
2023-07-07 06:00:00,1.09002,1.0887,1.08653,1.0875,1,1.09002,1.0887,-1
2023-07-07 06:00:00,1.09002,1.0887,1.09002,1.0875,1,1.09002,1.0887,-1
2023-07-07 10:00:00,1.09002,1.08787,1.09002,1.0875,1,1.08824,1.08787,1
2023-07-07 14:00:00,1.09231,1.0875,1.09002,1.0875,2,1.09231,1.09096,1
2023-07-07 18:00:00,1.09695,1.0875,1.09002,1.0875,1,1.09695,1.09656,1
2023-07-07 18:00:00,1.09695,1.0875,1.09002,1.09656,1,1.09695,1.09656,1
2023-07-10 06:00:00,1.09695,1.0875,1.09002,1.0945,1,1.0954,1.0945,1
2023-07-10 14:00:00,1.09802,1.0945,1.09002,1.0945,1,1.09802,1.09665,1
2023-07-10 14:00:00,1.09802,1.0945,1.09802,1.0945,1,1.09802,1.09665,1
2023-07-10 18:00:00,1.09957,1.0945,1.09802,1.0945,2,1.09957,1.09913,1
2023-07-10 18:00:00,1.09957,1.0945,1.09802,1.09913,2,1.09957,1.09913,1
2023-07-10 22:00:00,1.10013,1.09913,1.09802,1.09913,2,1.10013,1.0999,1
2023-07-10 22:00:00,1.10013,1.09913,1.10013,1.09913,2,1.10013,1.0999,1
2023-07-11 02:00:00,1.10098,1.09913,1.10013,1.09913,1,1.10098,1.10062,1
2023-07-11 06:00:00,1.1019,1.09913,1.10013,1.09913,1,1.1019,1.10072,-1
2023-07-11 14:00:00,1.10013,1.09783,1.10013,1.09913,1,1.09876,1.09783,1
2023-07-11 14:00:00,1.10013,1.09783,1.10013,1.09783,1,1.09876,1.09783,1
2023-07-11 18:00:00,1.10077,1.09783,1.10013,1.09783,2,1.10077,1.1003,1
2023-07-11 18:00:00,1.10077,1.09783,1.10077,1.09783,2,1.10077,1.1003,1
2023-07-11 22:00:00,1.10087,1.09783,1.10077,1.09783,2,1.10087,1.10065,1
2023-07-12 02:00:00,1.10296,1.09783,1.10077,1.09783,2,1.10296,1.10253,1
2023-07-12 06:00:00,1.10322,1.09783,1.10077,1.09783,2,1.10322,1.1026,1
2023-07-12 14:00:00,1.11027,1.09783,1.10077,1.09783,2,1.11027,1.10888,1
2023-07-12 18:00:00,1.11316,1.09783,1.10077,1.09783,2,1.11316,1.11278,1
2023-07-12 22:00:00,1.11358,1.09783,1.10077,1.09783,2,1.11358,1.11288,1
2023-07-13 02:00:00,1.11453,1.09783,1.10077,1.09783,2,1.11453,1.11392,1
2023-07-13 02:00:00,1.11453,1.09783,1.10077,1.11392,2,1.11453,1.11392,1
2023-07-13 10:00:00,1.11735,1.11392,1.10077,1.11392,2,1.11735,1.11601,1
2023-07-13 14:00:00,1.11944,1.11392,1.10077,1.11392,2,1.11944,1.11871,1
2023-07-13 18:00:00,1.12175,1.11392,1.10077,1.11392,2,1.12175,1.1213,1
2023-07-13 22:00:00,1.12288,1.11392,1.10077,1.11392,2,1.12288,1.12228,1
2023-07-14 02:00:00,1.12355,1.11392,1.10077,1.11392,2,1.12355,1.12324,1
2023-07-14 14:00:00,1.12395,1.11392,1.10077,1.11392,2,1.12395,1.12153,1
2023-07-14 14:00:00,1.12395,1.11392,1.10077,1.12153,2,1.12395,1.12153,1
2023-07-16 22:00:00,1.12395,1.11392,1.12315,1.12153,2,1.12315,1.12261,1
2023-07-17 02:00:00,1.12395,1.11392,1.12315,1.12147,2,1.12241,1.12147,1
2023-07-17 10:00:00,1.12434,1.12391,1.12315,1.12147,2,1.12434,1.12391,-1
2023-07-17 14:00:00,1.12315,1.12199,1.12315,1.12147,-1,1.12263,1.12199,1
2023-07-17 18:00:00,1.12424,1.12147,1.12315,1.12147,2,1.12424,1.124,1
2023-07-18 02:00:00,1.12486,1.12147,1.12315,1.12147,2,1.12486,1.12434,1
2023-07-18 06:00:00,1.12513,1.12147,1.12315,1.12147,2,1.12513,1.12469,-1
2023-07-18 18:00:00,1.12315,1.12136,1.12315,1.12147,1,1.12232,1.12136,1
2023-07-18 18:00:00,1.12315,1.12136,1.12315,1.12136,1,1.12232,1.12136,1
2023-07-18 22:00:00,1.12318,1.12136,1.12315,1.12136,2,1.12318,1.12274,1
2023-07-19 06:00:00,1.12356,1.12136,1.12315,1.12136,2,1.12356,1.1217,-1
2023-07-19 06:00:00,1.12356,1.12136,1.12356,1.12136,2,1.12356,1.1217,-1
2023-07-19 14:00:00,1.12356,1.11902,1.12356,1.12136,-1,1.12143,1.11902,-1
2023-07-19 22:00:00,1.12356,1.11902,1.12016,1.12136,-1,1.12016,1.11993,-1
2023-07-20 02:00:00,1.12356,1.11902,1.12291,1.12136,-1,1.12291,1.12249,-1
2023-07-20 10:00:00,1.12356,1.11902,1.12291,1.12036,-1,1.12126,1.12036,-1
2023-07-20 14:00:00,1.12291,1.11642,1.12291,1.12036,-2,1.11886,1.11642,-1
2023-07-20 14:00:00,1.12291,1.11642,1.11886,1.12036,-2,1.11886,1.11642,-1
2023-07-20 18:00:00,1.11886,1.11275,1.11886,1.12036,-1,1.11306,1.11275,-1
2023-07-20 22:00:00,1.11886,1.11275,1.11367,1.12036,-1,1.11367,1.11312,-1
2023-07-21 10:00:00,1.11367,1.11223,1.11367,1.12036,-1,1.1129,1.11223,-1
2023-07-21 14:00:00,1.11367,1.1109,1.11367,1.12036,-1,1.11184,1.1109,-1
2023-07-21 14:00:00,1.11367,1.1109,1.11367,1.1109,-1,1.11184,1.1109,-1
2023-07-21 18:00:00,1.11367,1.1109,1.11302,1.1109,-1,1.11302,1.11255,-1
2023-07-24 10:00:00,1.11302,1.108,1.11302,1.1109,-2,1.10852,1.108,-1
2023-07-24 18:00:00,1.11302,1.10708,1.11302,1.1109,-2,1.1075,1.10708,-1
2023-07-24 22:00:00,1.11302,1.10626,1.11302,1.1109,-2,1.10661,1.10626,-1
2023-07-25 10:00:00,1.11302,1.1041,1.11302,1.1109,-2,1.10463,1.1041,-1
2023-07-25 10:00:00,1.11302,1.1041,1.11302,1.1041,-2,1.10463,1.1041,-1
2023-07-25 14:00:00,1.11302,1.10267,1.11302,1.1041,-1,1.10385,1.10267,1
2023-07-26 22:00:00,1.11302,1.10267,1.10895,1.1041,-1,1.10895,1.10862,1
2023-07-27 02:00:00,1.11302,1.10267,1.11178,1.1041,-1,1.11178,1.1099,1
2023-07-27 10:00:00,1.11477,1.1041,1.11178,1.1041,-1,1.11477,1.11392,-1
2023-07-27 14:00:00,1.11178,1.09918,1.11178,1.1041,-2,1.10105,1.09918,-1
2023-07-27 18:00:00,1.11178,1.09885,1.11178,1.1041,-2,1.09988,1.09885,-1
2023-07-27 22:00:00,1.11178,1.09763,1.11178,1.1041,-2,1.09826,1.09763,-1
2023-07-28 10:00:00,1.11178,1.09704,1.11178,1.1041,-2,1.09756,1.09704,-1
2023-07-30 22:00:00,1.11178,1.09704,1.11178,1.10159,-2,1.10247,1.10159,-1
2023-07-31 02:00:00,1.11178,1.09704,1.11178,1.10091,-2,1.10159,1.10091,-1
2023-07-31 14:00:00,1.11178,1.09704,1.10458,1.10091,-2,1.10458,1.1037,-1
2023-07-31 18:00:00,1.11178,1.09704,1.10458,1.10007,-2,1.10064,1.10007,-1
2023-08-01 10:00:00,1.11178,1.09704,1.09783,1.10007,-2,1.09783,1.09744,-1
2023-08-01 14:00:00,1.09892,1.09666,1.09783,1.10007,-2,1.09892,1.09666,-1
2023-08-01 14:00:00,1.09892,1.09666,1.09892,1.10007,-2,1.09892,1.09666,-1
2023-08-01 18:00:00,1.09723,1.09633,1.09892,1.10007,-2,1.09723,1.09633,1
2023-08-01 22:00:00,1.10181,1.10007,1.09892,1.10007,1,1.10181,1.10052,-1
2023-08-02 02:00:00,1.0992,1.09873,1.09892,1.10007,-2,1.0992,1.09873,1
2023-08-02 06:00:00,1.09955,1.09831,1.09892,1.10007,-2,1.09955,1.09831,-1
2023-08-02 10:00:00,1.09892,1.09716,1.09892,1.10007,-2,1.09804,1.09716,-1
2023-08-02 14:00:00,1.09892,1.0935,1.09892,1.10007,-2,1.09506,1.0935,-1
2023-08-03 06:00:00,1.09892,1.09345,1.09892,1.10007,-1,1.09432,1.09345,-1
2023-08-03 06:00:00,1.09892,1.09345,1.09432,1.10007,-1,1.09432,1.09345,-1
2023-08-03 10:00:00,1.09432,1.09221,1.09432,1.10007,1,1.09331,1.09221,-1
2023-08-03 14:00:00,1.09373,1.0916,1.09432,1.10007,1,1.09373,1.0916,1
2023-08-03 18:00:00,1.09502,1.09444,1.09432,1.10007,2,1.09502,1.09444,1
2023-08-03 22:00:00,1.09503,1.0947,1.09432,1.10007,2,1.09503,1.0947,1
2023-08-04 02:00:00,1.09611,1.09524,1.09432,1.10007,2,1.09611,1.09524,-1
2023-08-04 02:00:00,1.09611,1.09524,1.09432,1.09524,2,1.09611,1.09524,-1
2023-08-04 06:00:00,1.09583,1.09512,1.09432,1.09524,1,1.09583,1.09512,-1
2023-08-04 06:00:00,1.09583,1.09512,1.09583,1.09524,1,1.09583,1.09512,-1
2023-08-04 10:00:00,1.09583,1.09399,1.09583,1.09524,1,1.09462,1.09399,1
2023-08-04 14:00:00,1.1015,1.09524,1.09583,1.09524,1,1.1015,1.10023,1
2023-08-04 14:00:00,1.1015,1.09524,1.09583,1.10023,1,1.1015,1.10023,1
2023-08-04 18:00:00,1.10283,1.10023,1.09583,1.10023,-1,1.10283,1.10212,-1
2023-08-07 02:00:00,1.10023,1.09973,1.09583,1.10023,-2,1.10023,1.09973,-1
2023-08-07 06:00:00,1.09862,1.098,1.09583,1.10023,-2,1.09862,1.098,-1
2023-08-07 10:00:00,1.09688,1.09654,1.09583,1.10023,-2,1.09688,1.09654,1
2023-08-07 10:00:00,1.09688,1.09654,1.09583,1.09654,-2,1.09688,1.09654,1
2023-08-07 14:00:00,1.09976,1.09654,1.09583,1.09654,-2,1.09976,1.09856,1
2023-08-07 14:00:00,1.09976,1.09654,1.09583,1.09856,-2,1.09976,1.09856,1
2023-08-07 18:00:00,1.10101,1.09856,1.09583,1.09856,-2,1.10101,1.10058,-1
2023-08-07 18:00:00,1.10101,1.09856,1.10101,1.09856,-2,1.10101,1.10058,-1
2023-08-08 02:00:00,1.10101,1.09768,1.10101,1.09856,-2,1.0983,1.09768,-1
2023-08-08 02:00:00,1.10101,1.09768,1.10101,1.09768,-2,1.0983,1.09768,-1
2023-08-08 10:00:00,1.10101,1.09625,1.10101,1.09768,-2,1.09718,1.09625,-1
2023-08-08 14:00:00,1.10101,1.0929,1.10101,1.09768,-2,1.09397,1.0929,1
2023-08-08 14:00:00,1.10101,1.0929,1.10101,1.0929,-2,1.09397,1.0929,1
2023-08-08 22:00:00,1.10101,1.0929,1.10101,1.09537,-2,1.09563,1.09537,1
2023-08-09 14:00:00,1.10101,1.0929,1.09953,1.09537,-2,1.09953,1.09775,1
2023-08-10 10:00:00,1.10228,1.09537,1.09953,1.09537,-1,1.10228,1.10191,1
2023-08-10 14:00:00,1.10439,1.10232,1.09953,1.09537,-1,1.10439,1.10232,-1
2023-08-10 14:00:00,1.10439,1.10232,1.10439,1.09537,-1,1.10439,1.10232,-1
2023-08-10 18:00:00,1.10439,1.09783,1.10439,1.09537,-1,1.09879,1.09783,-1
2023-08-11 10:00:00,1.0987,1.09766,1.10439,1.09537,-1,1.0987,1.09766,-1
2023-08-11 14:00:00,1.10439,1.09577,1.10439,1.09537,-1,1.09778,1.09577,-1
2023-08-11 18:00:00,1.10439,1.09435,1.10439,1.09537,-1,1.09475,1.09435,-1
2023-08-14 02:00:00,1.10439,1.09335,1.10439,1.09537,-1,1.09379,1.09335,-1
2023-08-14 02:00:00,1.10439,1.09335,1.09379,1.09537,-1,1.09379,1.09335,-1
2023-08-14 06:00:00,1.09372,1.09261,1.09379,1.09537,-1,1.09372,1.09261,1
2023-08-14 06:00:00,1.09372,1.09261,1.09379,1.09261,-1,1.09372,1.09261,1
2023-08-14 10:00:00,1.0953,1.09464,1.09379,1.09261,-1,1.0953,1.09464,-1
2023-08-14 10:00:00,1.0953,1.09464,1.0953,1.09261,-1,1.0953,1.09464,-1
2023-08-14 14:00:00,1.0953,1.08802,1.0953,1.09261,-1,1.08955,1.08802,-1
2023-08-15 14:00:00,1.0953,1.08802,1.0953,1.09239,-1,1.09433,1.09239,-1
2023-08-16 02:00:00,1.0953,1.08802,1.0953,1.09045,-1,1.09098,1.09045,-1
2023-08-16 06:00:00,1.0953,1.08802,1.0953,1.09105,-1,1.09193,1.09105,-1
2023-08-16 18:00:00,1.0953,1.08773,1.0953,1.09105,-1,1.08915,1.08773,-1
2023-08-16 18:00:00,1.0953,1.08773,1.0953,1.08773,-1,1.08915,1.08773,-1
2023-08-16 22:00:00,1.0953,1.08773,1.08832,1.08773,-1,1.08832,1.08794,-1
2023-08-17 02:00:00,1.08832,1.08655,1.08832,1.08773,-1,1.08692,1.08655,1
2023-08-17 14:00:00,1.08996,1.08773,1.08832,1.08773,1,1.08996,1.089,-1
2023-08-17 18:00:00,1.08832,1.08583,1.08832,1.08773,1,1.08621,1.08583,1
2023-08-18 02:00:00,1.08937,1.08773,1.08832,1.08773,-1,1.08937,1.089,-1
2023-08-18 10:00:00,1.08832,1.08681,1.08832,1.08773,-1,1.0875,1.08681,-1
2023-08-18 14:00:00,1.08832,1.08672,1.08832,1.08773,-1,1.08735,1.08672,1
2023-08-21 02:00:00,1.08832,1.08672,1.08832,1.087,-1,1.08762,1.087,1
2023-08-21 06:00:00,1.08832,1.08672,1.08832,1.08725,-1,1.08823,1.08725,1
2023-08-21 10:00:00,1.09043,1.08725,1.08832,1.08725,1,1.09043,1.08968,1
2023-08-22 02:00:00,1.09099,1.08725,1.08832,1.08725,1,1.09099,1.09063,1
2023-08-22 06:00:00,1.0915,1.08725,1.08832,1.08725,1,1.0915,1.09053,-1
2023-08-22 10:00:00,1.0915,1.08725,1.09101,1.08725,1,1.09101,1.09017,-1
2023-08-22 14:00:00,1.09101,1.08424,1.09101,1.08725,-1,1.085,1.08424,-1
2023-08-22 22:00:00,1.09101,1.08424,1.09101,1.08446,-1,1.08461,1.08446,-1
2023-08-23 02:00:00,1.09101,1.08424,1.08575,1.08446,-1,1.08575,1.08539,-1
2023-08-23 10:00:00,1.08575,1.08061,1.08575,1.08446,1,1.08119,1.08061,1
2023-08-23 18:00:00,1.08647,1.08446,1.08575,1.08446,1,1.08647,1.08615,1
2023-08-23 22:00:00,1.08671,1.08446,1.08575,1.08446,1,1.08671,1.08616,1
2023-08-24 06:00:00,1.08734,1.08446,1.08575,1.08446,1,1.08734,1.08679,-1
2023-08-24 10:00:00,1.08734,1.08446,1.08575,1.08465,1,1.0856,1.08465,-1
2023-08-24 14:00:00,1.08575,1.08359,1.08575,1.08465,-2,1.08444,1.08359,-1
2023-08-24 18:00:00,1.08575,1.0816,1.08575,1.08465,-2,1.08199,1.0816,-1
2023-08-24 22:00:00,1.08575,1.08101,1.08575,1.08465,-2,1.08126,1.08101,-1
2023-08-25 02:00:00,1.08575,1.07843,1.08575,1.08465,-2,1.07894,1.07843,-1
2023-08-25 06:00:00,1.08575,1.07837,1.08575,1.08465,-2,1.07899,1.07837,1
2023-08-27 22:00:00,1.08575,1.07837,1.08006,1.08465,-2,1.08006,1.07958,1
2023-08-28 02:00:00,1.08575,1.07837,1.08006,1.08012,-2,1.08063,1.08012,1
2023-08-28 14:00:00,1.08575,1.07837,1.08006,1.07989,-2,1.08083,1.07989,1
2023-08-28 18:00:00,1.08575,1.07837,1.08006,1.08054,-2,1.08085,1.08054,1
2023-08-29 10:00:00,1.08575,1.07837,1.08162,1.08054,-2,1.08162,1.08103,1
2023-08-29 14:00:00,1.08575,1.07837,1.08502,1.08054,-2,1.08502,1.08036,1
2023-08-29 18:00:00,1.08734,1.08054,1.08502,1.08054,1,1.08734,1.08666,1
2023-08-29 22:00:00,1.08826,1.08054,1.08502,1.08054,1,1.08826,1.08779,1
2023-08-29 22:00:00,1.08826,1.08054,1.08826,1.08054,1,1.08826,1.08779,1
2023-08-30 10:00:00,1.08893,1.08054,1.08826,1.08054,1,1.08893,1.08797,1
2023-08-30 10:00:00,1.08893,1.08054,1.08826,1.08797,1,1.08893,1.08797,1
2023-08-30 14:00:00,1.09449,1.08797,1.08826,1.08797,1,1.09449,1.09341,-1
2023-08-30 18:00:00,1.09449,1.08797,1.08826,1.09168,1,1.09205,1.09168,-1
2023-08-31 10:00:00,1.08826,1.08647,1.08826,1.09168,-2,1.08751,1.08647,-1
2023-08-31 14:00:00,1.08826,1.08444,1.08826,1.09168,-2,1.08564,1.08444,-1
2023-08-31 22:00:00,1.08826,1.08417,1.08826,1.09168,-2,1.08437,1.08417,-1
2023-09-01 06:00:00,1.08826,1.08388,1.08826,1.09168,-2,1.08457,1.08388,-1
2023-09-01 14:00:00,1.08826,1.08243,1.08826,1.09168,-2,1.0853,1.08243,-1
2023-09-01 18:00:00,1.08826,1.07819,1.08826,1.09168,-2,1.07845,1.07819,-1
2023-09-03 22:00:00,1.08826,1.07736,1.08826,1.09168,1,1.07767,1.07736,-1
2023-09-03 22:00:00,1.08826,1.07736,1.07767,1.09168,1,1.07767,1.07736,-1
2023-09-04 06:00:00,1.08826,1.07736,1.07767,1.07834,1,1.07909,1.07834,-1
2023-09-04 10:00:00,1.08826,1.07736,1.07767,1.07934,1,1.07995,1.07934,-1
2023-09-04 14:00:00,1.08826,1.07736,1.07767,1.07851,1,1.07956,1.07851,-1
2023-09-04 18:00:00,1.08826,1.07736,1.07767,1.07948,1,1.07955,1.07948,-1
2023-09-04 22:00:00,1.08826,1.07736,1.07977,1.07948,1,1.07977,1.07943,-1
2023-09-05 10:00:00,1.07977,1.07433,1.07977,1.07948,1,1.07487,1.07433,-1
2023-09-05 10:00:00,1.07977,1.07433,1.07977,1.07433,1,1.07487,1.07433,-1
2023-09-05 14:00:00,1.07977,1.07189,1.07977,1.07433,-1,1.073,1.07189,-1
2023-09-05 18:00:00,1.07977,1.07189,1.07977,1.07207,-1,1.07241,1.07207,-1
2023-09-05 22:00:00,1.07977,1.07189,1.07262,1.07207,-1,1.07262,1.07221,-1
2023-09-06 02:00:00,1.07262,1.07143,1.07262,1.07207,1,1.07191,1.07143,1
2023-09-06 06:00:00,1.0738,1.07207,1.07262,1.07207,1,1.0738,1.07274,1
2023-09-06 06:00:00,1.0738,1.07207,1.07262,1.07274,1,1.0738,1.07274,1
2023-09-06 10:00:00,1.07441,1.07274,1.07262,1.07274,1,1.07441,1.07325,-1
2023-09-06 10:00:00,1.07441,1.07274,1.07441,1.07274,1,1.07441,1.07325,-1
2023-09-06 14:00:00,1.07441,1.07025,1.07441,1.07274,-1,1.07375,1.07025,-1
2023-09-06 14:00:00,1.07441,1.07025,1.07441,1.07025,-1,1.07375,1.07025,-1
2023-09-06 18:00:00,1.07441,1.07025,1.07295,1.07025,-1,1.07295,1.0726,-1
2023-09-07 06:00:00,1.07441,1.07025,1.07256,1.07025,-1,1.07256,1.0717,-1
2023-09-07 14:00:00,1.07256,1.06863,1.07256,1.07025,-1,1.0698,1.06863,1
2023-09-07 14:00:00,1.07256,1.06863,1.07256,1.06863,-1,1.0698,1.06863,1
2023-09-07 22:00:00,1.07256,1.06863,1.07256,1.06956,-1,1.06979,1.06956,1
2023-09-08 06:00:00,1.07279,1.06956,1.07256,1.06956,1,1.07279,1.07223,1
2023-09-08 06:00:00,1.07279,1.06956,1.07279,1.06956,1,1.07279,1.07223,1
2023-09-08 14:00:00,1.07438,1.06956,1.07279,1.06956,-1,1.07438,1.07264,1
2023-09-08 14:00:00,1.07438,1.06956,1.07438,1.06956,-1,1.07438,1.07264,1
2023-09-10 22:00:00,1.07438,1.06956,1.07438,1.07075,-1,1.0715,1.07075,1
2023-09-11 14:00:00,1.07514,1.07075,1.07438,1.07075,1,1.07514,1.07347,1
2023-09-11 22:00:00,1.07523,1.07075,1.07438,1.07075,1,1.07523,1.07495,1
2023-09-12 06:00:00,1.07523,1.07075,1.07408,1.07075,1,1.07408,1.07358,1
2023-09-12 18:00:00,1.07523,1.07075,1.07408,1.07245,1,1.07295,1.07245,1
2023-09-12 22:00:00,1.07604,1.07245,1.07408,1.07245,-1,1.07604,1.07558,-1
2023-09-13 10:00:00,1.07604,1.07245,1.07408,1.07285,-1,1.07324,1.07285,-1
2023-09-13 14:00:00,1.07604,1.07245,1.07408,1.07271,-1,1.07391,1.07271,-1
2023-09-14 14:00:00,1.07408,1.0656,1.07408,1.07271,-2,1.06664,1.0656,-1
2023-09-14 18:00:00,1.07408,1.06333,1.07408,1.07271,-1,1.06389,1.06333,
2023-09-14 22:00:00,1.07408,1.06333,1.07408,1.06391,-1,1.06427,1.06391,
2023-09-15 02:00:00,1.07408,1.06333,1.06483,1.06391,-1,1.06483,1.06394,
2023-09-15 14:00:00,1.07408,1.06333,1.06877,1.06391,-1,1.06877,1.06624,
